metric,value,bestValue,repo
duplicated_lines_density,22.4,False,ASAM
reliability_rating,5.0,False,ASAM
reliability_remediation_effort,166,False,ASAM
security_rating,1.0,True,ASAM
security_remediation_effort,0,True,ASAM
sqale_index,3722,False,ASAM
sqale_rating,1.0,True,ASAM
duplicated_lines_density,10.0,False,AdOpT-NET0
reliability_rating,3.0,False,AdOpT-NET0
reliability_remediation_effort,27,False,AdOpT-NET0
security_rating,5.0,False,AdOpT-NET0
security_remediation_effort,60,False,AdOpT-NET0
sqale_index,3460,False,AdOpT-NET0
sqale_rating,1.0,True,AdOpT-NET0
duplicated_lines_density,10.3,False,Antares_Simulator
reliability_rating,5.0,False,Antares_Simulator
reliability_remediation_effort,2522,False,Antares_Simulator
security_rating,5.0,False,Antares_Simulator
security_remediation_effort,240,False,Antares_Simulator
sqale_index,136725,False,Antares_Simulator
sqale_rating,1.0,True,Antares_Simulator
duplicated_lines_density,0.0,True,Balmorel
reliability_rating,5.0,False,Balmorel
reliability_remediation_effort,837,False,Balmorel
security_rating,1.0,True,Balmorel
security_remediation_effort,0,True,Balmorel
sqale_index,636,False,Balmorel
sqale_rating,1.0,True,Balmorel
duplicated_lines_density,1.4,False,BeWhere-model
reliability_rating,1.0,True,BeWhere-model
reliability_remediation_effort,0,True,BeWhere-model
security_rating,1.0,True,BeWhere-model
security_remediation_effort,0,True,BeWhere-model
sqale_index,467,False,BeWhere-model
sqale_rating,1.0,True,BeWhere-model
duplicated_lines_density,18.5,False,BlueSky
reliability_rating,5.0,False,BlueSky
reliability_remediation_effort,236,False,BlueSky
security_rating,1.0,True,BlueSky
security_remediation_effort,0,True,BlueSky
sqale_index,5506,False,BlueSky
sqale_rating,1.0,True,BlueSky
duplicated_lines_density,50.4,False,CAPOW_PY36
reliability_rating,5.0,False,CAPOW_PY36
reliability_remediation_effort,650,False,CAPOW_PY36
security_rating,1.0,True,CAPOW_PY36
security_remediation_effort,0,True,CAPOW_PY36
sqale_index,36442,False,CAPOW_PY36
sqale_rating,1.0,True,CAPOW_PY36
duplicated_lines_density,35.6,False,CIMApplication
reliability_rating,5.0,False,CIMApplication
reliability_remediation_effort,277,False,CIMApplication
security_rating,1.0,True,CIMApplication
security_remediation_effort,0,True,CIMApplication
sqale_index,26326,False,CIMApplication
sqale_rating,1.0,True,CIMApplication
duplicated_lines_density,17.6,False,CORAL
reliability_rating,1.0,True,CORAL
reliability_remediation_effort,0,True,CORAL
security_rating,1.0,True,CORAL
security_remediation_effort,0,True,CORAL
sqale_index,768,False,CORAL
sqale_rating,1.0,True,CORAL
duplicated_lines_density,0.0,True,DiGriPy
reliability_rating,5.0,False,DiGriPy
reliability_remediation_effort,35,False,DiGriPy
security_rating,1.0,True,DiGriPy
security_remediation_effort,0,True,DiGriPy
sqale_index,53,False,DiGriPy
sqale_rating,1.0,True,DiGriPy
duplicated_lines_density,2.2,False,Dispa-SET
reliability_rating,5.0,False,Dispa-SET
reliability_remediation_effort,105,False,Dispa-SET
security_rating,1.0,True,Dispa-SET
security_remediation_effort,0,True,Dispa-SET
sqale_index,5281,False,Dispa-SET
sqale_rating,1.0,True,Dispa-SET
duplicated_lines_density,0.0,True,EMMA
reliability_rating,3.0,False,EMMA
reliability_remediation_effort,14,False,EMMA
security_rating,1.0,True,EMMA
security_remediation_effort,0,True,EMMA
sqale_index,139,False,EMMA
sqale_rating,1.0,True,EMMA
duplicated_lines_density,0.0,True,EMPRISE
reliability_rating,3.0,False,EMPRISE
reliability_remediation_effort,20,False,EMPRISE
security_rating,1.0,True,EMPRISE
security_remediation_effort,0,True,EMPRISE
sqale_index,1137,False,EMPRISE
sqale_rating,1.0,True,EMPRISE
duplicated_lines_density,0.0,True,EMeRGE
reliability_rating,5.0,False,EMeRGE
reliability_remediation_effort,30,False,EMeRGE
security_rating,1.0,True,EMeRGE
security_remediation_effort,0,True,EMeRGE
sqale_index,256,False,EMeRGE
sqale_rating,1.0,True,EMeRGE
duplicated_lines_density,2.1,False,EOS
reliability_rating,4.0,False,EOS
reliability_remediation_effort,815,False,EOS
security_rating,1.0,True,EOS
security_remediation_effort,0,True,EOS
sqale_index,2612,False,EOS
sqale_rating,1.0,True,EOS
duplicated_lines_density,8.4,False,ESA
reliability_rating,5.0,False,ESA
reliability_remediation_effort,231,False,ESA
security_rating,1.0,True,ESA
security_remediation_effort,0,True,ESA
sqale_index,8645,False,ESA
sqale_rating,1.0,True,ESA
duplicated_lines_density,6.2,False,Egret
reliability_rating,5.0,False,Egret
reliability_remediation_effort,390,False,Egret
security_rating,1.0,True,Egret
security_remediation_effort,0,True,Egret
sqale_index,8112,False,Egret
sqale_rating,1.0,True,Egret
duplicated_lines_density,1.1,False,ExaGO
reliability_rating,5.0,False,ExaGO
reliability_remediation_effort,95,False,ExaGO
security_rating,1.0,True,ExaGO
security_remediation_effort,0,True,ExaGO
sqale_index,24422,False,ExaGO
sqale_rating,1.0,True,ExaGO
duplicated_lines_density,8.6,False,FINE
reliability_rating,5.0,False,FINE
reliability_remediation_effort,274,False,FINE
security_rating,1.0,True,FINE
security_remediation_effort,0,True,FINE
sqale_index,15669,False,FINE
sqale_rating,1.0,True,FINE
duplicated_lines_density,0.0,True,FlexiGIS
reliability_rating,3.0,False,FlexiGIS
reliability_remediation_effort,17,False,FlexiGIS
security_rating,1.0,True,FlexiGIS
security_remediation_effort,0,True,FlexiGIS
sqale_index,250,False,FlexiGIS
sqale_rating,1.0,True,FlexiGIS
duplicated_lines_density,0.2,False,GElectrical
reliability_rating,5.0,False,GElectrical
reliability_remediation_effort,152,False,GElectrical
security_rating,1.0,True,GElectrical
security_remediation_effort,0,True,GElectrical
sqale_index,6672,False,GElectrical
sqale_rating,1.0,True,GElectrical
duplicated_lines_density,10.3,False,GridPACK
reliability_rating,5.0,False,GridPACK
reliability_remediation_effort,1204,False,GridPACK
security_rating,1.0,True,GridPACK
security_remediation_effort,0,True,GridPACK
sqale_index,124062,False,GridPACK
sqale_rating,1.0,True,GridPACK
duplicated_lines_density,3.6,False,H2Integrate
reliability_rating,5.0,False,H2Integrate
reliability_remediation_effort,997,False,H2Integrate
security_rating,1.0,True,H2Integrate
security_remediation_effort,0,True,H2Integrate
sqale_index,5513,False,H2Integrate
sqale_rating,1.0,True,H2Integrate
duplicated_lines_density,14.3,False,HELICS
reliability_rating,5.0,False,HELICS
reliability_remediation_effort,557,False,HELICS
security_rating,5.0,False,HELICS
security_remediation_effort,120,False,HELICS
sqale_index,77139,False,HELICS
sqale_rating,1.0,True,HELICS
duplicated_lines_density,0.6,False,HERON
reliability_rating,5.0,False,HERON
reliability_remediation_effort,195,False,HERON
security_rating,1.0,True,HERON
security_remediation_effort,0,True,HERON
sqale_index,2974,False,HERON
sqale_rating,1.0,True,HERON
duplicated_lines_density,4.8,False,HOPP
reliability_rating,5.0,False,HOPP
reliability_remediation_effort,860,False,HOPP
security_rating,4.0,False,HOPP
security_remediation_effort,10,False,HOPP
sqale_index,8809,False,HOPP
sqale_rating,1.0,True,HOPP
duplicated_lines_density,74.8,False,HYBRID
reliability_rating,5.0,False,HYBRID
reliability_remediation_effort,280,False,HYBRID
security_rating,1.0,True,HYBRID
security_remediation_effort,0,True,HYBRID
sqale_index,16430,False,HYBRID
sqale_rating,1.0,True,HYBRID
duplicated_lines_density,0.0,True,HybridBOSSE
reliability_rating,1.0,True,HybridBOSSE
reliability_remediation_effort,0,True,HybridBOSSE
security_rating,1.0,True,HybridBOSSE
security_remediation_effort,0,True,HybridBOSSE
sqale_index,1086,False,HybridBOSSE
sqale_rating,1.0,True,HybridBOSSE
duplicated_lines_density,39.6,False,Inve2st
reliability_rating,4.0,False,Inve2st
reliability_remediation_effort,304,False,Inve2st
security_rating,1.0,True,Inve2st
security_remediation_effort,0,True,Inve2st
sqale_index,9725,False,Inve2st
sqale_rating,1.0,True,Inve2st
duplicated_lines_density,14.2,False,JPoNG
reliability_rating,3.0,False,JPoNG
reliability_remediation_effort,10,False,JPoNG
security_rating,1.0,True,JPoNG
security_remediation_effort,0,True,JPoNG
sqale_index,769,False,JPoNG
sqale_rating,1.0,True,JPoNG
duplicated_lines_density,1.8,False,MATCH-model
reliability_rating,5.0,False,MATCH-model
reliability_remediation_effort,15,False,MATCH-model
security_rating,1.0,True,MATCH-model
security_remediation_effort,0,True,MATCH-model
sqale_index,1906,False,MATCH-model
sqale_rating,1.0,True,MATCH-model
duplicated_lines_density,19.8,False,MESSpy
reliability_rating,5.0,False,MESSpy
reliability_remediation_effort,125,False,MESSpy
security_rating,1.0,True,MESSpy
security_remediation_effort,0,True,MESSpy
sqale_index,7371,False,MESSpy
sqale_rating,1.0,True,MESSpy
duplicated_lines_density,1.1,False,MUSE_OS
reliability_rating,5.0,False,MUSE_OS
reliability_remediation_effort,179,False,MUSE_OS
security_rating,1.0,True,MUSE_OS
security_remediation_effort,0,True,MUSE_OS
sqale_index,1598,False,MUSE_OS
sqale_rating,1.0,True,MUSE_OS
duplicated_lines_density,34.6,False,MicroGridsPy
reliability_rating,5.0,False,MicroGridsPy
reliability_remediation_effort,4354,False,MicroGridsPy
security_rating,1.0,True,MicroGridsPy
security_remediation_effort,0,True,MicroGridsPy
sqale_index,9014,False,MicroGridsPy
sqale_rating,1.0,True,MicroGridsPy
duplicated_lines_density,1.4,False,Microgrids.py
reliability_rating,3.0,False,Microgrids.py
reliability_remediation_effort,25,False,Microgrids.py
security_rating,1.0,True,Microgrids.py
security_remediation_effort,0,True,Microgrids.py
sqale_index,209,False,Microgrids.py
sqale_rating,1.0,True,Microgrids.py
duplicated_lines_density,0.0,True,NEMO
reliability_rating,3.0,False,NEMO
reliability_remediation_effort,10,False,NEMO
security_rating,1.0,True,NEMO
security_remediation_effort,0,True,NEMO
sqale_index,306,False,NEMO
sqale_rating,1.0,True,NEMO
duplicated_lines_density,6.7,False,OPEN
reliability_rating,3.0,False,OPEN
reliability_remediation_effort,22,False,OPEN
security_rating,1.0,True,OPEN
security_remediation_effort,0,True,OPEN
sqale_index,2882,False,OPEN
sqale_rating,1.0,True,OPEN
duplicated_lines_density,8.8,False,OnSSET-2016
reliability_rating,3.0,False,OnSSET-2016
reliability_remediation_effort,15,False,OnSSET-2016
security_rating,1.0,True,OnSSET-2016
security_remediation_effort,0,True,OnSSET-2016
sqale_index,1250,False,OnSSET-2016
sqale_rating,1.0,True,OnSSET-2016
duplicated_lines_density,2.9,False,Open-Energy-Cell-Simulation
reliability_rating,3.0,False,Open-Energy-Cell-Simulation
reliability_remediation_effort,60,False,Open-Energy-Cell-Simulation
security_rating,1.0,True,Open-Energy-Cell-Simulation
security_remediation_effort,0,True,Open-Energy-Cell-Simulation
sqale_index,1483,False,Open-Energy-Cell-Simulation
sqale_rating,1.0,True,Open-Energy-Cell-Simulation
duplicated_lines_density,7.0,False,OpenDER
reliability_rating,3.0,False,OpenDER
reliability_remediation_effort,618,False,OpenDER
security_rating,1.0,True,OpenDER
security_remediation_effort,0,True,OpenDER
sqale_index,2377,False,OpenDER
sqale_rating,1.0,True,OpenDER
duplicated_lines_density,6.8,False,OpenDSS-C
reliability_rating,5.0,False,OpenDSS-C
reliability_remediation_effort,2793,False,OpenDSS-C
security_rating,1.0,True,OpenDSS-C
security_remediation_effort,0,True,OpenDSS-C
sqale_index,178955,False,OpenDSS-C
sqale_rating,1.0,True,OpenDSS-C
duplicated_lines_density,0.0,True,OpenIPSL
reliability_rating,1.0,True,OpenIPSL
reliability_remediation_effort,0,True,OpenIPSL
security_rating,1.0,True,OpenIPSL
security_remediation_effort,0,True,OpenIPSL
sqale_index,233,False,OpenIPSL
sqale_rating,1.0,True,OpenIPSL
duplicated_lines_density,5.7,False,OpenTUMFlex
reliability_rating,5.0,False,OpenTUMFlex
reliability_remediation_effort,230,False,OpenTUMFlex
security_rating,1.0,True,OpenTUMFlex
security_remediation_effort,0,True,OpenTUMFlex
sqale_index,1562,False,OpenTUMFlex
sqale_rating,1.0,True,OpenTUMFlex
duplicated_lines_density,0.0,True,PREP-SHOT
reliability_rating,2.0,False,PREP-SHOT
reliability_remediation_effort,20,False,PREP-SHOT
security_rating,1.0,True,PREP-SHOT
security_remediation_effort,0,True,PREP-SHOT
sqale_index,228,False,PREP-SHOT
sqale_rating,1.0,True,PREP-SHOT
duplicated_lines_density,5.9,False,PSATools-Python
reliability_rating,5.0,False,PSATools-Python
reliability_remediation_effort,15,False,PSATools-Python
security_rating,1.0,True,PSATools-Python
security_remediation_effort,0,True,PSATools-Python
sqale_index,1876,False,PSATools-Python
sqale_rating,1.0,True,PSATools-Python
duplicated_lines_density,37.0,False,PSP
reliability_rating,5.0,False,PSP
reliability_remediation_effort,27225,False,PSP
security_rating,1.0,True,PSP
security_remediation_effort,0,True,PSP
sqale_index,361362,False,PSP
sqale_rating,1.0,True,PSP
duplicated_lines_density,9.1,False,PYPOWER
reliability_rating,5.0,False,PYPOWER
reliability_remediation_effort,254,False,PYPOWER
security_rating,1.0,True,PYPOWER
security_remediation_effort,0,True,PYPOWER
sqale_index,6594,False,PYPOWER
sqale_rating,1.0,True,PYPOWER
duplicated_lines_density,30.1,False,PYPOWER-Dynamics
reliability_rating,1.0,True,PYPOWER-Dynamics
reliability_remediation_effort,0,True,PYPOWER-Dynamics
security_rating,1.0,True,PYPOWER-Dynamics
security_remediation_effort,0,True,PYPOWER-Dynamics
sqale_index,949,False,PYPOWER-Dynamics
sqale_rating,1.0,True,PYPOWER-Dynamics
duplicated_lines_density,5.8,False,ParaEMT_public
reliability_rating,3.0,False,ParaEMT_public
reliability_remediation_effort,122,False,ParaEMT_public
security_rating,1.0,True,ParaEMT_public
security_remediation_effort,0,True,ParaEMT_public
sqale_index,3474,False,ParaEMT_public
sqale_rating,1.0,True,ParaEMT_public
duplicated_lines_density,2.1,False,PowNet
reliability_rating,5.0,False,PowNet
reliability_remediation_effort,47,False,PowNet
security_rating,1.0,True,PowNet
security_remediation_effort,0,True,PowNet
sqale_index,1061,False,PowNet
sqale_rating,1.0,True,PowNet
duplicated_lines_density,0.1,False,PowerSystemDataModel
reliability_rating,3.0,False,PowerSystemDataModel
reliability_remediation_effort,10,False,PowerSystemDataModel
security_rating,1.0,True,PowerSystemDataModel
security_remediation_effort,0,True,PowerSystemDataModel
sqale_index,9849,False,PowerSystemDataModel
sqale_rating,1.0,True,PowerSystemDataModel
duplicated_lines_density,11.2,False,PyLESA
reliability_rating,5.0,False,PyLESA
reliability_remediation_effort,135,False,PyLESA
security_rating,1.0,True,PyLESA
security_remediation_effort,0,True,PyLESA
sqale_index,2385,False,PyLESA
sqale_rating,1.0,True,PyLESA
duplicated_lines_density,1.8,False,PyPSA
reliability_rating,5.0,False,PyPSA
reliability_remediation_effort,239,False,PyPSA
security_rating,1.0,True,PyPSA
security_remediation_effort,0,True,PyPSA
sqale_index,2818,False,PyPSA
sqale_rating,1.0,True,PyPSA
duplicated_lines_density,1.7,False,REHO
reliability_rating,5.0,False,REHO
reliability_remediation_effort,122,False,REHO
security_rating,1.0,True,REHO
security_remediation_effort,0,True,REHO
sqale_index,3812,False,REHO
sqale_rating,1.0,True,REHO
duplicated_lines_density,25.9,False,REVUB
reliability_rating,3.0,False,REVUB
reliability_remediation_effort,5,False,REVUB
security_rating,1.0,True,REVUB
security_remediation_effort,0,True,REVUB
sqale_index,457,False,REVUB
sqale_rating,1.0,True,REVUB
duplicated_lines_density,1.5,False,REopt_API
reliability_rating,5.0,False,REopt_API
reliability_remediation_effort,224,False,REopt_API
security_rating,4.0,False,REopt_API
security_remediation_effort,5,False,REopt_API
sqale_index,13434,False,REopt_API
sqale_rating,1.0,True,REopt_API
duplicated_lines_density,8.8,False,RHEIA
reliability_rating,3.0,False,RHEIA
reliability_remediation_effort,225,False,RHEIA
security_rating,1.0,True,RHEIA
security_remediation_effort,0,True,RHEIA
sqale_index,524,False,RHEIA
sqale_rating,1.0,True,RHEIA
duplicated_lines_density,48.2,False,RODeO
reliability_rating,5.0,False,RODeO
reliability_remediation_effort,101,False,RODeO
security_rating,1.0,True,RODeO
security_remediation_effort,0,True,RODeO
sqale_index,1398,False,RODeO
sqale_rating,1.0,True,RODeO
duplicated_lines_density,1.2,False,ReEDS-2.0
reliability_rating,5.0,False,ReEDS-2.0
reliability_remediation_effort,175,False,ReEDS-2.0
security_rating,1.0,True,ReEDS-2.0
security_remediation_effort,0,True,ReEDS-2.0
sqale_index,13370,False,ReEDS-2.0
sqale_rating,1.0,True,ReEDS-2.0
duplicated_lines_density,16.7,False,Roseau_Load_Flow
reliability_rating,5.0,False,Roseau_Load_Flow
reliability_remediation_effort,134,False,Roseau_Load_Flow
security_rating,1.0,True,Roseau_Load_Flow
security_remediation_effort,0,True,Roseau_Load_Flow
sqale_index,2614,False,Roseau_Load_Flow
sqale_rating,1.0,True,Roseau_Load_Flow
duplicated_lines_density,9.7,False,SmartGridToolbox
reliability_rating,5.0,False,SmartGridToolbox
reliability_remediation_effort,2070,False,SmartGridToolbox
security_rating,5.0,False,SmartGridToolbox
security_remediation_effort,15,False,SmartGridToolbox
sqale_index,138609,False,SmartGridToolbox
sqale_rating,1.0,True,SmartGridToolbox
duplicated_lines_density,0.0,True,StarLite
reliability_rating,1.0,True,StarLite
reliability_remediation_effort,0,True,StarLite
security_rating,1.0,True,StarLite
security_remediation_effort,0,True,StarLite
sqale_index,211,False,StarLite
sqale_rating,2.0,False,StarLite
duplicated_lines_density,7.6,False,TESS
reliability_rating,5.0,False,TESS
reliability_remediation_effort,266,False,TESS
security_rating,5.0,False,TESS
security_remediation_effort,130,False,TESS
sqale_index,7182,False,TESS
sqale_rating,1.0,True,TESS
duplicated_lines_density,9.5,False,VeraGrid
reliability_rating,5.0,False,VeraGrid
reliability_remediation_effort,2945,False,VeraGrid
security_rating,5.0,False,VeraGrid
security_remediation_effort,40,False,VeraGrid
sqale_index,85279,False,VeraGrid
sqale_rating,1.0,True,VeraGrid
duplicated_lines_density,10.7,False,WPGNN
reliability_rating,3.0,False,WPGNN
reliability_remediation_effort,10,False,WPGNN
security_rating,1.0,True,WPGNN
security_remediation_effort,0,True,WPGNN
sqale_index,434,False,WPGNN
sqale_rating,1.0,True,WPGNN
duplicated_lines_density,0.2,False,ZEN-garden
reliability_rating,3.0,False,ZEN-garden
reliability_remediation_effort,12,False,ZEN-garden
security_rating,5.0,False,ZEN-garden
security_remediation_effort,60,False,ZEN-garden
sqale_index,1373,False,ZEN-garden
sqale_rating,1.0,True,ZEN-garden
duplicated_lines_density,1.8,False,andes
reliability_rating,3.0,False,andes
reliability_remediation_effort,105,False,andes
security_rating,1.0,True,andes
security_remediation_effort,0,True,andes
sqale_index,3975,False,andes
sqale_rating,1.0,True,andes
duplicated_lines_density,1.0,False,aristopy
reliability_rating,5.0,False,aristopy
reliability_remediation_effort,20,False,aristopy
security_rating,1.0,True,aristopy
security_remediation_effort,0,True,aristopy
sqale_index,1133,False,aristopy
sqale_rating,1.0,True,aristopy
duplicated_lines_density,3.5,False,assume
reliability_rating,5.0,False,assume
reliability_remediation_effort,246,False,assume
security_rating,5.0,False,assume
security_remediation_effort,1170,False,assume
sqale_index,3787,False,assume
sqale_rating,1.0,True,assume
duplicated_lines_density,32.2,False,bpa-ipf-tsp
reliability_rating,5.0,False,bpa-ipf-tsp
reliability_remediation_effort,2976,False,bpa-ipf-tsp
security_rating,4.0,False,bpa-ipf-tsp
security_remediation_effort,440,False,bpa-ipf-tsp
sqale_index,51921,False,bpa-ipf-tsp
sqale_rating,1.0,True,bpa-ipf-tsp
duplicated_lines_density,0.7,False,calliope
reliability_rating,5.0,False,calliope
reliability_remediation_effort,230,False,calliope
security_rating,5.0,False,calliope
security_remediation_effort,60,False,calliope
sqale_index,693,False,calliope
sqale_rating,1.0,True,calliope
duplicated_lines_density,3.4,False,chronix2grid
reliability_rating,5.0,False,chronix2grid
reliability_remediation_effort,278,False,chronix2grid
security_rating,1.0,True,chronix2grid
security_remediation_effort,0,True,chronix2grid
sqale_index,4351,False,chronix2grid
sqale_rating,1.0,True,chronix2grid
duplicated_lines_density,18.3,False,deeco
reliability_rating,3.0,False,deeco
reliability_remediation_effort,49,False,deeco
security_rating,1.0,True,deeco
security_remediation_effort,0,True,deeco
sqale_index,10910,False,deeco
sqale_rating,1.0,True,deeco
duplicated_lines_density,0.6,False,deflex
reliability_rating,3.0,False,deflex
reliability_remediation_effort,90,False,deflex
security_rating,1.0,True,deflex
security_remediation_effort,0,True,deflex
sqale_index,553,False,deflex
sqale_rating,1.0,True,deflex
duplicated_lines_density,3.2,False,dispatches
reliability_rating,5.0,False,dispatches
reliability_remediation_effort,1427,False,dispatches
security_rating,1.0,True,dispatches
security_remediation_effort,0,True,dispatches
sqale_index,4456,False,dispatches
sqale_rating,1.0,True,dispatches
duplicated_lines_density,5.4,False,distaix
reliability_rating,5.0,False,distaix
reliability_remediation_effort,75,False,distaix
security_rating,1.0,True,distaix
security_remediation_effort,0,True,distaix
sqale_index,24128,False,distaix
sqale_rating,1.0,True,distaix
duplicated_lines_density,0.2,False,draf
reliability_rating,5.0,False,draf
reliability_remediation_effort,43,False,draf
security_rating,1.0,True,draf
security_remediation_effort,0,True,draf
sqale_index,1910,False,draf
sqale_rating,1.0,True,draf
duplicated_lines_density,0.0,True,dss_capi
reliability_rating,5.0,False,dss_capi
reliability_remediation_effort,30,False,dss_capi
security_rating,1.0,True,dss_capi
security_remediation_effort,0,True,dss_capi
sqale_index,40142,False,dss_capi
sqale_rating,1.0,True,dss_capi
duplicated_lines_density,3.3,False,eDisGo
reliability_rating,3.0,False,eDisGo
reliability_remediation_effort,650,False,eDisGo
security_rating,5.0,False,eDisGo
security_remediation_effort,45,False,eDisGo
sqale_index,3139,False,eDisGo
sqale_rating,1.0,True,eDisGo
duplicated_lines_density,7.1,False,eGo
reliability_rating,4.0,False,eGo
reliability_remediation_effort,83,False,eGo
security_rating,1.0,True,eGo
security_remediation_effort,0,True,eGo
sqale_index,2750,False,eGo
sqale_rating,1.0,True,eGo
duplicated_lines_density,4.9,False,emlab-generation
reliability_rating,4.0,False,emlab-generation
reliability_remediation_effort,75,False,emlab-generation
security_rating,1.0,True,emlab-generation
security_remediation_effort,0,True,emlab-generation
sqale_index,4892,False,emlab-generation
sqale_rating,1.0,True,emlab-generation
duplicated_lines_density,0.0,True,energy-py
reliability_rating,3.0,False,energy-py
reliability_remediation_effort,40,False,energy-py
security_rating,1.0,True,energy-py
security_remediation_effort,0,True,energy-py
sqale_index,150,False,energy-py
sqale_rating,1.0,True,energy-py
duplicated_lines_density,2.7,False,energy-py-linear
reliability_rating,3.0,False,energy-py-linear
reliability_remediation_effort,57,False,energy-py-linear
security_rating,1.0,True,energy-py-linear
security_remediation_effort,0,True,energy-py-linear
sqale_index,630,False,energy-py-linear
sqale_rating,1.0,True,energy-py-linear
duplicated_lines_density,39.3,False,energyRt
reliability_rating,5.0,False,energyRt
reliability_remediation_effort,3405,False,energyRt
security_rating,1.0,True,energyRt
security_remediation_effort,0,True,energyRt
sqale_index,15568,False,energyRt
sqale_rating,1.0,True,energyRt
duplicated_lines_density,75.5,False,energysim
reliability_rating,4.0,False,energysim
reliability_remediation_effort,373,False,energysim
security_rating,1.0,True,energysim
security_remediation_effort,0,True,energysim
sqale_index,12803,False,energysim
sqale_rating,1.0,True,energysim
duplicated_lines_density,2.3,False,enflow
reliability_rating,5.0,False,enflow
reliability_remediation_effort,35,False,enflow
security_rating,1.0,True,enflow
security_remediation_effort,0,True,enflow
sqale_index,1191,False,enflow
sqale_rating,1.0,True,enflow
duplicated_lines_density,8.9,False,eps-us
reliability_rating,1.0,True,eps-us
reliability_remediation_effort,0,True,eps-us
security_rating,1.0,True,eps-us
security_remediation_effort,0,True,eps-us
sqale_index,17200,False,eps-us
sqale_rating,2.0,False,eps-us
duplicated_lines_density,2.4,False,etengine
reliability_rating,5.0,False,etengine
reliability_remediation_effort,1897,False,etengine
security_rating,1.0,True,etengine
security_remediation_effort,0,True,etengine
sqale_index,17796,False,etengine
sqale_rating,1.0,True,etengine
duplicated_lines_density,0.3,False,etmodel
reliability_rating,5.0,False,etmodel
reliability_remediation_effort,389,False,etmodel
security_rating,1.0,True,etmodel
security_remediation_effort,0,True,etmodel
sqale_index,2571,False,etmodel
sqale_rating,1.0,True,etmodel
duplicated_lines_density,2.8,False,exerpy
reliability_rating,5.0,False,exerpy
reliability_remediation_effort,42,False,exerpy
security_rating,1.0,True,exerpy
security_remediation_effort,0,True,exerpy
sqale_index,3480,False,exerpy
sqale_rating,1.0,True,exerpy
duplicated_lines_density,0.0,True,fame-core
reliability_rating,2.0,False,fame-core
reliability_remediation_effort,5,False,fame-core
security_rating,1.0,True,fame-core
security_remediation_effort,0,True,fame-core
sqale_index,2069,False,fame-core
sqale_rating,1.0,True,fame-core
duplicated_lines_density,0.0,True,ficus
reliability_rating,3.0,False,ficus
reliability_remediation_effort,15,False,ficus
security_rating,1.0,True,ficus
security_remediation_effort,0,True,ficus
sqale_index,399,False,ficus
sqale_rating,1.0,True,ficus
duplicated_lines_density,0.0,True,flextool
reliability_rating,5.0,False,flextool
reliability_remediation_effort,14,False,flextool
security_rating,1.0,True,flextool
security_remediation_effort,0,True,flextool
sqale_index,1435,False,flextool
sqale_rating,1.0,True,flextool
duplicated_lines_density,3.3,False,flixopt
reliability_rating,3.0,False,flixopt
reliability_remediation_effort,135,False,flixopt
security_rating,1.0,True,flixopt
security_remediation_effort,0,True,flixopt
sqale_index,1049,False,flixopt
sqale_rating,1.0,True,flixopt
duplicated_lines_density,0.7,False,friendlysam
reliability_rating,3.0,False,friendlysam
reliability_remediation_effort,20,False,friendlysam
security_rating,1.0,True,friendlysam
security_remediation_effort,0,True,friendlysam
sqale_index,223,False,friendlysam
sqale_rating,1.0,True,friendlysam
duplicated_lines_density,3.8,False,global-fossil-fuel-supply-chain
reliability_rating,5.0,False,global-fossil-fuel-supply-chain
reliability_remediation_effort,46,False,global-fossil-fuel-supply-chain
security_rating,1.0,True,global-fossil-fuel-supply-chain
security_remediation_effort,0,True,global-fossil-fuel-supply-chain
sqale_index,3481,False,global-fossil-fuel-supply-chain
sqale_rating,1.0,True,global-fossil-fuel-supply-chain
duplicated_lines_density,4.1,False,grid2op
reliability_rating,3.0,False,grid2op
reliability_remediation_effort,2572,False,grid2op
security_rating,1.0,True,grid2op
security_remediation_effort,0,True,grid2op
sqale_index,20523,False,grid2op
sqale_rating,1.0,True,grid2op
duplicated_lines_density,0.8,False,gridfm-graphkit
reliability_rating,5.0,False,gridfm-graphkit
reliability_remediation_effort,60,False,gridfm-graphkit
security_rating,1.0,True,gridfm-graphkit
security_remediation_effort,0,True,gridfm-graphkit
sqale_index,258,False,gridfm-graphkit
sqale_rating,1.0,True,gridfm-graphkit
duplicated_lines_density,13.7,False,gridpath
reliability_rating,5.0,False,gridpath
reliability_remediation_effort,52,False,gridpath
security_rating,1.0,True,gridpath
security_remediation_effort,0,True,gridpath
sqale_index,25208,False,gridpath
sqale_rating,1.0,True,gridpath
duplicated_lines_density,43.4,False,grimsel
reliability_rating,5.0,False,grimsel
reliability_remediation_effort,638,False,grimsel
security_rating,1.0,True,grimsel
security_remediation_effort,0,True,grimsel
sqale_index,16503,False,grimsel
sqale_rating,1.0,True,grimsel
duplicated_lines_density,44.9,False,idea
reliability_rating,5.0,False,idea
reliability_remediation_effort,283,False,idea
security_rating,1.0,True,idea
security_remediation_effort,0,True,idea
sqale_index,5525,False,idea
sqale_rating,1.0,True,idea
duplicated_lines_density,0.5,False,inertia
reliability_rating,5.0,False,inertia
reliability_remediation_effort,541,False,inertia
security_rating,1.0,True,inertia
security_remediation_effort,0,True,inertia
sqale_index,20529,False,inertia
sqale_rating,1.0,True,inertia
duplicated_lines_density,5.5,False,lemlab
reliability_rating,3.0,False,lemlab
reliability_remediation_effort,50,False,lemlab
security_rating,1.0,True,lemlab
security_remediation_effort,0,True,lemlab
sqale_index,2162,False,lemlab
sqale_rating,1.0,True,lemlab
duplicated_lines_density,2.2,False,matpower
reliability_rating,1.0,True,matpower
reliability_remediation_effort,0,True,matpower
security_rating,1.0,True,matpower
security_remediation_effort,0,True,matpower
sqale_index,230,False,matpower
sqale_rating,1.0,True,matpower
duplicated_lines_density,0.0,True,medea
reliability_rating,1.0,True,medea
reliability_remediation_effort,0,True,medea
security_rating,1.0,True,medea
security_remediation_effort,0,True,medea
sqale_index,75,False,medea
sqale_rating,1.0,True,medea
duplicated_lines_density,10.3,False,mesmo
reliability_rating,5.0,False,mesmo
reliability_remediation_effort,939,False,mesmo
security_rating,1.0,True,mesmo
security_remediation_effort,0,True,mesmo
sqale_index,3918,False,mesmo
sqale_rating,1.0,True,mesmo
duplicated_lines_density,0.0,True,minpower
reliability_rating,3.0,False,minpower
reliability_remediation_effort,65,False,minpower
security_rating,1.0,True,minpower
security_remediation_effort,0,True,minpower
sqale_index,1662,False,minpower
sqale_rating,1.0,True,minpower
duplicated_lines_density,4.0,False,mosaik
reliability_rating,4.0,False,mosaik
reliability_remediation_effort,77,False,mosaik
security_rating,1.0,True,mosaik
security_remediation_effort,0,True,mosaik
sqale_index,265,False,mosaik
sqale_rating,1.0,True,mosaik
duplicated_lines_density,2.1,False,multi-vector-simulator
reliability_rating,5.0,False,multi-vector-simulator
reliability_remediation_effort,157,False,multi-vector-simulator
security_rating,1.0,True,multi-vector-simulator
security_remediation_effort,0,True,multi-vector-simulator
sqale_index,2981,False,multi-vector-simulator
sqale_rating,1.0,True,multi-vector-simulator
duplicated_lines_density,12.3,False,nempy
reliability_rating,5.0,False,nempy
reliability_remediation_effort,184,False,nempy
security_rating,1.0,True,nempy
security_remediation_effort,0,True,nempy
sqale_index,1899,False,nempy
sqale_rating,1.0,True,nempy
duplicated_lines_density,0.5,False,node
reliability_rating,5.0,False,node
reliability_remediation_effort,942,False,node
security_rating,5.0,False,node
security_remediation_effort,50,False,node
sqale_index,50677,False,node
sqale_rating,1.0,True,node
duplicated_lines_density,20.0,False,oemof-solph
reliability_rating,5.0,False,oemof-solph
reliability_remediation_effort,110,False,oemof-solph
security_rating,1.0,True,oemof-solph
security_remediation_effort,0,True,oemof-solph
sqale_index,3235,False,oemof-solph
sqale_rating,1.0,True,oemof-solph
duplicated_lines_density,16.0,False,oemof-thermal
reliability_rating,3.0,False,oemof-thermal
reliability_remediation_effort,35,False,oemof-thermal
security_rating,1.0,True,oemof-thermal
security_remediation_effort,0,True,oemof-thermal
sqale_index,430,False,oemof-thermal
sqale_rating,1.0,True,oemof-thermal
duplicated_lines_density,68.9,False,omegalpes
reliability_rating,4.0,False,omegalpes
reliability_remediation_effort,77,False,omegalpes
security_rating,1.0,True,omegalpes
security_remediation_effort,0,True,omegalpes
sqale_index,4699,False,omegalpes
sqale_rating,1.0,True,omegalpes
duplicated_lines_density,1.0,False,omf
reliability_rating,5.0,False,omf
reliability_remediation_effort,3138,False,omf
security_rating,5.0,False,omf
security_remediation_effort,1710,False,omf
sqale_index,92844,False,omf
sqale_rating,1.0,True,omf
duplicated_lines_density,0.0,True,openCEM
reliability_rating,5.0,False,openCEM
reliability_remediation_effort,55,False,openCEM
security_rating,1.0,True,openCEM
security_remediation_effort,0,True,openCEM
sqale_index,666,False,openCEM
sqale_rating,1.0,True,openCEM
duplicated_lines_density,7.4,False,openMASTER
reliability_rating,3.0,False,openMASTER
reliability_remediation_effort,125,False,openMASTER
security_rating,1.0,True,openMASTER
security_remediation_effort,0,True,openMASTER
sqale_index,3665,False,openMASTER
sqale_rating,1.0,True,openMASTER
duplicated_lines_density,0.0,True,openSDUC
reliability_rating,3.0,False,openSDUC
reliability_remediation_effort,15,False,openSDUC
security_rating,1.0,True,openSDUC
security_remediation_effort,0,True,openSDUC
sqale_index,490,False,openSDUC
sqale_rating,1.0,True,openSDUC
duplicated_lines_density,5.5,False,openTEPES
reliability_rating,3.0,False,openTEPES
reliability_remediation_effort,547,False,openTEPES
security_rating,1.0,True,openTEPES
security_remediation_effort,0,True,openTEPES
sqale_index,7747,False,openTEPES
sqale_rating,1.0,True,openTEPES
duplicated_lines_density,0.4,False,pandapower
reliability_rating,5.0,False,pandapower
reliability_remediation_effort,1167,False,pandapower
security_rating,1.0,True,pandapower
security_remediation_effort,0,True,pandapower
sqale_index,22838,False,pandapower
sqale_rating,1.0,True,pandapower
duplicated_lines_density,0.5,False,powergama
reliability_rating,5.0,False,powergama
reliability_remediation_effort,103,False,powergama
security_rating,1.0,True,powergama
security_remediation_effort,0,True,powergama
sqale_index,5327,False,powergama
sqale_rating,1.0,True,powergama
reliability_rating,1.0,True,powermatcher
reliability_remediation_effort,0,True,powermatcher
security_rating,1.0,True,powermatcher
security_remediation_effort,0,True,powermatcher
sqale_index,0,True,powermatcher
sqale_rating,1.0,True,powermatcher
duplicated_lines_density,0.2,False,powsybl-open-loadflow
reliability_rating,1.0,True,powsybl-open-loadflow
reliability_remediation_effort,0,True,powsybl-open-loadflow
security_rating,1.0,True,powsybl-open-loadflow
security_remediation_effort,0,True,powsybl-open-loadflow
sqale_index,9581,False,powsybl-open-loadflow
sqale_rating,1.0,True,powsybl-open-loadflow
duplicated_lines_density,0.6,False,psst
reliability_rating,5.0,False,psst
reliability_remediation_effort,74,False,psst
security_rating,1.0,True,psst
security_remediation_effort,0,True,psst
sqale_index,1459,False,psst
sqale_rating,1.0,True,psst
duplicated_lines_density,0.0,True,pyMicrogridControl
reliability_rating,1.0,True,pyMicrogridControl
reliability_remediation_effort,0,True,pyMicrogridControl
security_rating,1.0,True,pyMicrogridControl
security_remediation_effort,0,True,pyMicrogridControl
sqale_index,35,False,pyMicrogridControl
sqale_rating,1.0,True,pyMicrogridControl
duplicated_lines_density,27.8,False,pycity_scheduling
reliability_rating,5.0,False,pycity_scheduling
reliability_remediation_effort,461,False,pycity_scheduling
security_rating,1.0,True,pycity_scheduling
security_remediation_effort,0,True,pycity_scheduling
sqale_index,5634,False,pycity_scheduling
sqale_rating,1.0,True,pycity_scheduling
duplicated_lines_density,0.0,True,pymarket
reliability_rating,2.0,False,pymarket
reliability_remediation_effort,5,False,pymarket
security_rating,1.0,True,pymarket
security_remediation_effort,0,True,pymarket
sqale_index,373,False,pymarket
sqale_rating,1.0,True,pymarket
duplicated_lines_density,0.0,True,pymfm
reliability_rating,1.0,True,pymfm
reliability_remediation_effort,0,True,pymfm
security_rating,3.0,False,pymfm
security_remediation_effort,60,False,pymfm
sqale_index,281,False,pymfm
sqale_rating,1.0,True,pymfm
duplicated_lines_density,17.0,False,pypownet
reliability_rating,3.0,False,pypownet
reliability_remediation_effort,48,False,pypownet
security_rating,1.0,True,pypownet
security_remediation_effort,0,True,pypownet
sqale_index,1931,False,pypownet
sqale_rating,1.0,True,pypownet
duplicated_lines_density,28.5,False,pysam
reliability_rating,5.0,False,pysam
reliability_remediation_effort,135,False,pysam
security_rating,1.0,True,pysam
security_remediation_effort,0,True,pysam
sqale_index,7875,False,pysam
sqale_rating,1.0,True,pysam
duplicated_lines_density,0.8,False,python-ehub
reliability_rating,3.0,False,python-ehub
reliability_remediation_effort,195,False,python-ehub
security_rating,1.0,True,python-ehub
security_remediation_effort,0,True,python-ehub
sqale_index,788,False,python-ehub
sqale_rating,1.0,True,python-ehub
duplicated_lines_density,1.8,False,python-microgrid
reliability_rating,5.0,False,python-microgrid
reliability_remediation_effort,82,False,python-microgrid
security_rating,1.0,True,python-microgrid
security_remediation_effort,0,True,python-microgrid
sqale_index,1653,False,python-microgrid
sqale_rating,1.0,True,python-microgrid
duplicated_lines_density,10.1,False,resolve
reliability_rating,4.0,False,resolve
reliability_remediation_effort,1381,False,resolve
security_rating,1.0,True,resolve
security_remediation_effort,0,True,resolve
sqale_index,3844,False,resolve
sqale_rating,1.0,True,resolve
duplicated_lines_density,8.2,False,rivus
reliability_rating,5.0,False,rivus
reliability_remediation_effort,51,False,rivus
security_rating,1.0,True,rivus
security_remediation_effort,0,True,rivus
sqale_index,955,False,rivus
sqale_rating,1.0,True,rivus
duplicated_lines_density,4.6,False,silver
reliability_rating,3.0,False,silver
reliability_remediation_effort,35,False,silver
security_rating,1.0,True,silver
security_remediation_effort,0,True,silver
sqale_index,2543,False,silver
sqale_rating,1.0,True,silver
duplicated_lines_density,0.0,True,simona
reliability_rating,1.0,True,simona
reliability_remediation_effort,0,True,simona
security_rating,1.0,True,simona
security_remediation_effort,0,True,simona
sqale_index,247,False,simona
sqale_rating,1.0,True,simona
duplicated_lines_density,0.0,True,smspp-project
reliability_rating,1.0,True,smspp-project
reliability_remediation_effort,0,True,smspp-project
security_rating,1.0,True,smspp-project
security_remediation_effort,0,True,smspp-project
sqale_index,179,False,smspp-project
sqale_rating,3.0,False,smspp-project
duplicated_lines_density,16.9,False,steps
reliability_rating,5.0,False,steps
reliability_remediation_effort,3737,False,steps
security_rating,5.0,False,steps
security_remediation_effort,10,False,steps
sqale_index,224075,False,steps
sqale_rating,1.0,True,steps
duplicated_lines_density,73.4,False,sustaingym
reliability_rating,3.0,False,sustaingym
reliability_remediation_effort,711,False,sustaingym
security_rating,1.0,True,sustaingym
security_remediation_effort,0,True,sustaingym
sqale_index,107642,False,sustaingym
sqale_rating,3.0,False,sustaingym
duplicated_lines_density,14.0,False,switch
reliability_rating,5.0,False,switch
reliability_remediation_effort,177,False,switch
security_rating,1.0,True,switch
security_remediation_effort,0,True,switch
sqale_index,4477,False,switch
sqale_rating,1.0,True,switch
duplicated_lines_density,10.6,False,temoa
reliability_rating,5.0,False,temoa
reliability_remediation_effort,115,False,temoa
security_rating,1.0,True,temoa
security_remediation_effort,0,True,temoa
sqale_index,7873,False,temoa
sqale_rating,1.0,True,temoa
duplicated_lines_density,13.2,False,tesp
reliability_rating,5.0,False,tesp
reliability_remediation_effort,999,False,tesp
security_rating,1.0,True,tesp
security_remediation_effort,0,True,tesp
sqale_index,77701,False,tesp
sqale_rating,1.0,True,tesp
duplicated_lines_density,55.5,False,transient-lib
reliability_rating,1.0,True,transient-lib
reliability_remediation_effort,0,True,transient-lib
security_rating,1.0,True,transient-lib
security_remediation_effort,0,True,transient-lib
sqale_index,30,False,transient-lib
sqale_rating,1.0,True,transient-lib
duplicated_lines_density,3.5,False,urbs
reliability_rating,5.0,False,urbs
reliability_remediation_effort,25,False,urbs
security_rating,1.0,True,urbs
security_remediation_effort,0,True,urbs
sqale_index,944,False,urbs
sqale_rating,1.0,True,urbs
