id,html_url,owner,archived,stargazers_count,forks_count,language,license,created_at,pushed_at,updated_at,commit_stats.dds,commit_stats.total_committers,homepage,last_month_downloads,dependent_repos_count,latest_release_published_at
adopt_net0,https://github.com/UU-ER/AdOpT-NET0,UU-ER,False,5.0,16.0,Python,mit,2022-10-24T08:54:09.000Z,2025-10-22T13:38:23.000Z,2025-10-23T13:31:25.000Z,,,https://adopt-net0.readthedocs.io,115.0,0.0,2025-04-17
amiris,https://gitlab.com/dlr-ve/esy/amiris/amiris,dlr-ve,False,17.0,11.0,,apache-2.0,2021-11-25T09:09:46.124Z,,2025-11-01T11:31:28.459Z,,,,,,
andes,https://github.com/CURENT/andes,CURENT,False,300.0,133.0,Python,other,2016-11-07T01:04:50.000Z,2025-05-17T13:21:04.000Z,2025-10-30T10:35:58.000Z,0.12049079754601222,22.0,https://ltb.curent.org,2184.0,2.0,2025-01-05
antares_simulator,https://github.com/AntaresSimulatorTeam/Antares_Simulator,AntaresSimulatorTeam,False,79.0,31.0,C,other,2018-07-03T14:05:14.000Z,2025-11-04T11:47:46.000Z,2025-11-04T11:25:09.000Z,0.5096304008328996,32.0,https://antares-simulator.org,,,
anymod_jl,https://github.com/leonardgoeke/AnyMOD.jl,leonardgoeke,False,72.0,23.0,Julia,mit,2019-09-11T19:08:21.000Z,2025-10-19T18:32:11.000Z,2025-10-06T23:02:26.000Z,0.18957345971563977,4.0,,11.0,0.0,2022-10-21
aristopy,https://git.tu-berlin.de/etus/public/aristopy,etus,,0.0,0.0,,mit,2021-09-07T10:15:44.199Z,,2021-09-07T16:28:37.108Z,,,,,,
asam,https://github.com/AncillaryServicesAcquisitionModel/ASAM,AncillaryServicesAcquisitionModel,False,14.0,6.0,Python,gpl-3.0,2021-04-01T10:01:40.000Z,2023-07-30T13:53:46.000Z,2025-07-03T14:09:04.000Z,,,,,,
asset_level_transition_risk_in_the_global_coal__oil__and_gas_supply_chains,https://github.com/Lkruitwagen/global-fossil-fuel-supply-chain,Lkruitwagen,False,188.0,15.0,Jupyter Notebook,mit,2020-01-23T16:59:07.000Z,2023-07-06T21:55:33.000Z,2025-04-27T05:39:29.000Z,0.04347826086956519,5.0,,,,
assume,https://github.com/assume-framework/assume,assume-framework,False,69.0,30.0,Python,agpl-3.0,2023-04-19T09:20:48.000Z,2025-11-07T15:11:30.000Z,2025-11-07T13:06:38.000Z,0.6131840796019901,14.0,https://assume.readthedocs.io,556.0,0.0,2025-08-14
balmorel,https://github.com/balmorelcommunity/Balmorel,balmorelcommunity,False,42.0,42.0,Jupyter Notebook,other,2017-07-06T15:22:21.000Z,2025-08-29T09:23:29.000Z,2025-10-25T15:50:15.000Z,0.1528822055137845,7.0,,,,
bewhere_model,https://github.com/caaficus/BeWhere-model,caaficus,False,2.0,1.0,Python,gpl-3.0,2021-12-20T10:04:12.000Z,2021-12-20T17:16:15.000Z,2025-04-09T13:26:57.000Z,,,,,,
bluesky,https://github.com/EIAgov/BlueSky,EIAgov,False,73.0,15.0,Python,apache-2.0,2024-07-17T15:52:34.000Z,2025-04-10T13:19:28.000Z,2025-09-05T15:11:15.000Z,0.4,2.0,,,,
bridges,https://github.com/Stanford-EAO/BRIDGES,Stanford-EAO,False,6.0,0.0,Julia,,2021-10-07T17:31:28.000Z,2023-03-01T23:10:02.000Z,2025-05-23T21:10:36.000Z,,,,,,
calliope,https://github.com/calliope-project/calliope,calliope-project,False,345.0,106.0,Python,apache-2.0,2013-09-18T17:58:41.000Z,2025-11-07T18:59:10.000Z,2025-11-09T14:18:19.000Z,0.3853658536585366,22.0,https://www.callio.pe,4688.0,4.0,2023-01-18
capacityexpansion,https://github.com/YoungFaithful/CapacityExpansion.jl,YoungFaithful,False,25.0,7.0,Julia,mit,2019-03-28T21:02:36.000Z,2021-04-27T07:58:56.000Z,2025-09-14T15:55:35.000Z,,,https://youngfaithful.github.io/CapacityExpansion.jl/stable,0.0,0.0,2020-09-30
capow,https://github.com/romulus97/CAPOW_PY36,romulus97,False,11.0,8.0,Python,mit,2019-07-22T16:15:02.000Z,2022-03-11T14:44:17.000Z,2025-05-06T16:42:20.000Z,,,,,,
chronix2grid,https://github.com/Grid2op/chronix2grid,Grid2op,False,21.0,9.0,Jupyter Notebook,mpl-2.0,2020-03-03T14:44:22.000Z,2025-10-20T13:52:32.000Z,2025-10-09T17:07:46.000Z,0.6875,16.0,https://chronix2grid.readthedocs.io/en/latest/?,,,
cimapplication,https://github.com/derrickoswald/CIMApplication,derrickoswald,False,15.0,5.0,JavaScript,mit,2016-07-12T12:10:07.000Z,2023-03-31T15:05:30.000Z,2025-06-04T13:16:41.000Z,,,,,,
copper,https://gitlab.com/sesit/copper,sesit,False,7.0,4.0,,mit,2022-11-28T21:29:26.276Z,,2025-11-04T05:00:43.598Z,,,,,,
coral,https://github.com/NREL/CORAL,NREL,False,0.0,7.0,Python,,2022-11-18T20:32:35.000Z,2024-11-25T16:05:42.000Z,2024-09-24T17:30:42.000Z,,,,,,
deeco,https://github.com/robbiemorrison/deeco,robbiemorrison,False,3.0,1.0,C,gpl-2.0,2017-01-03T15:26:30.000Z,2025-05-27T16:40:24.000Z,2025-05-27T16:40:27.000Z,,,,,,
deflex,https://github.com/reegis/deflex,reegis,False,12.0,9.0,Python,mit,2018-01-29T14:07:48.000Z,2022-06-27T10:39:28.000Z,2023-12-20T14:09:41.000Z,,,,49.0,2.0,2021-03-25
dieter_py,https://gitlab.com/diw-evu/dieter_public/dieterpy,diw-evu,False,4.0,0.0,,mit,2020-08-21T09:37:53.104Z,,2024-08-23T14:21:34.319Z,,,,,,
digripy,https://github.com/lvorspel/DiGriPy,lvorspel,False,14.0,6.0,Python,other,2021-01-13T14:18:33.000Z,2022-03-18T12:35:14.000Z,2025-05-13T08:49:54.000Z,,,,25.0,1.0,2021-05-04
dispa_set,https://github.com/energy-modelling-toolkit/Dispa-SET,energy-modelling-toolkit,False,88.0,43.0,Python,eupl-1.2,2017-10-13T16:22:18.000Z,2025-10-13T12:51:34.000Z,2025-10-06T17:07:31.000Z,0.5567164179104478,17.0,,,,
dispatches,https://github.com/gmlc-dispatches/dispatches,gmlc-dispatches,False,15.0,37.0,Jupyter Notebook,other,2020-12-21T20:32:55.000Z,2024-09-12T20:20:12.000Z,2025-08-25T16:56:14.000Z,0.5877437325905293,21.0,https://dispatches.readthedocs.io/,62.0,1.0,2023-04-05
distaix,https://git.rwth-aachen.de/acs/public/simulation/DistAIXFramework/distaix,acs,,3.0,2.0,,gpl-3.0,2018-11-20T11:29:30.207Z,,2025-02-18T10:10:05.032Z,,,,,,
dpsim,https://github.com/sogno-platform/dpsim,sogno-platform,False,94.0,67.0,C++,mpl-2.0,2020-01-29T08:49:59.000Z,2025-10-29T16:04:33.000Z,2025-10-29T15:58:48.000Z,0.7048149044277765,32.0,https://sogno.energy/dpsim/,89.0,1.0,2022-08-26
draf,https://github.com/DrafProject/draf,DrafProject,False,21.0,5.0,Python,lgpl-3.0,2021-07-22T11:34:54.000Z,2024-08-26T09:14:11.000Z,2025-11-05T15:46:43.000Z,0.0,1.0,,,,
dss_capi,https://github.com/dss-extensions/dss_capi,dss-extensions,False,36.0,15.0,Pascal,bsd-3-clause,2017-12-18T14:45:11.000Z,2025-10-24T14:45:37.000Z,2025-10-20T09:36:49.000Z,0.6553601340033501,8.0,https://dss-extensions.org/,,,
dynawo,https://github.com/dynawo/dynawo,dynawo,False,94.0,29.0,Modelica,mpl-2.0,2019-01-29T13:29:35.000Z,2025-11-10T10:16:04.000Z,2025-11-09T10:46:09.000Z,0.7444915254237288,59.0,http://dynawo.org,,,
easy_simauto,https://github.com/mzy2240/ESA,mzy2240,False,46.0,14.0,Python,apache-2.0,2019-10-08T21:37:23.000Z,2025-01-16T22:58:54.000Z,2025-10-10T19:39:56.000Z,0.5616666666666666,13.0,https://mzy2240.github.io/ESA/,775.0,1.0,2023-06-05
edisgo,https://github.com/openego/eDisGo,openego,False,42.0,18.0,Python,agpl-3.0,2017-04-05T12:16:17.000Z,2025-10-24T10:15:23.000Z,2025-10-24T10:15:26.000Z,0.4659364146406626,24.0,,2651.0,1.0,2023-04-02
ego,https://github.com/openego/eGo,openego,False,18.0,9.0,Python,agpl-3.0,2017-04-05T12:21:45.000Z,2025-01-17T09:54:09.000Z,2025-03-12T16:46:21.000Z,0.2816143497757847,13.0,https://openegoproject.wordpress.com/,60.0,1.0,2018-12-10
egret,https://github.com/grid-parity-exchange/Egret,grid-parity-exchange,False,143.0,61.0,Python,other,2019-01-28T18:41:03.000Z,2025-10-06T16:39:45.000Z,2025-10-14T16:22:32.000Z,0.6947368421052631,33.0,,16043.0,4.0,2025-10-06
electricgrid_jl,https://github.com/upb-lea/ElectricGrid.jl,upb-lea,False,39.0,7.0,Julia,mit,2021-12-10T11:45:03.000Z,2023-10-05T15:00:05.000Z,2025-09-09T14:29:37.000Z,0.7203883495145631,18.0,https://upb-lea.github.io/ElectricGrid.jl/,0.0,0.0,2023-04-17
em_power_invest,https://github.com/BTU-EnerEcon/EM.POWER-INVEST,BTU-EnerEcon,False,1.0,0.0,GAMS,mit,2021-12-02T12:24:05.000Z,2022-05-03T13:30:36.000Z,2023-09-07T16:47:10.000Z,,,,,,
emerge,https://github.com/NREL/EMeRGE,NREL,False,15.0,14.0,Python,bsd-3-clause,2020-03-11T19:45:05.000Z,2024-06-05T21:14:32.000Z,2025-05-13T11:21:37.000Z,0.5,5.0,,10.0,0.0,2024-06-05
emlab_generation,https://github.com/EMLab/emlab-generation,EMLab,False,24.0,68.0,Java,,2012-11-26T12:27:08.000Z,2018-08-15T11:39:38.000Z,2025-04-04T14:11:38.000Z,,,,,,
emma,https://github.com/emma-model/EMMA,emma-model,False,19.0,2.0,Jupyter Notebook,other,2020-06-26T10:52:12.000Z,2023-01-25T16:41:08.000Z,2025-06-21T14:02:06.000Z,,,,,,
emprise,https://github.com/philipphaertel/EMPRISE,philipphaertel,False,2.0,0.0,Python,gpl-3.0,2021-04-26T10:40:57.000Z,2021-06-30T18:58:59.000Z,2025-03-13T08:16:37.000Z,,,,,,
energy_policy_simulator,https://github.com/EnergyInnovation/eps-us,EnergyInnovation,False,27.0,8.0,Python,gpl-3.0,2019-10-19T03:02:43.000Z,2025-10-20T15:02:17.000Z,2025-10-02T09:56:40.000Z,0.643717080511663,12.0,,,,
energy_py,https://github.com/ADGEfficiency/energy-py,ADGEfficiency,False,182.0,36.0,Python,mit,2017-04-03T10:14:01.000Z,2025-05-19T14:11:26.000Z,2025-10-08T07:25:24.000Z,0.2142857142857143,2.0,,,,
energy_py_linear,https://github.com/ADGEfficiency/energy-py-linear,ADGEfficiency,False,97.0,32.0,Python,gpl-3.0,2019-01-15T21:59:41.000Z,2025-04-18T11:09:52.000Z,2025-10-25T00:57:23.000Z,0.19310344827586212,5.0,,,,
energy_system_simulation_and_optimization,https://github.com/Akkudoktor-EOS/EOS,Akkudoktor-EOS,False,1473.0,118.0,Python,other,2024-02-16T11:13:56.000Z,2025-11-10T15:57:45.000Z,2025-11-10T15:57:50.000Z,0.5152439024390244,19.0,https://akkudoktor.net/c/der-akkudoktor/eos/,,,
energy_transition_engine,https://github.com/quintel/etengine,quintel,False,24.0,10.0,Ruby,mit,2011-05-03T08:55:40.000Z,2025-11-07T13:04:46.000Z,2025-11-06T14:31:21.000Z,0.639240506329114,49.0,https://energytransitionmodel.com/,,,
energymodelsbase_jl,https://github.com/EnergyModelsX/EnergyModelsBase.jl,EnergyModelsX,False,13.0,4.0,Julia,mit,2024-01-25T12:44:05.000Z,2025-10-23T11:03:08.000Z,2025-10-28T10:28:10.000Z,,,,152.0,0.0,2025-10-01
energyrt,https://github.com/optimal2050/energyRt,optimal2050,False,23.0,9.0,R,agpl-3.0,2016-03-17T16:08:29.000Z,2025-06-21T06:52:04.000Z,2025-08-04T08:26:22.000Z,0.2675736961451247,7.0,http://www.energyRt.org,,,
energyscope,https://github.com/energyscope/EnergyScope,energyscope,False,30.0,24.0,NMODL,apache-2.0,2019-05-07T12:30:36.000Z,2025-08-11T13:48:26.000Z,2025-08-11T13:48:31.000Z,,,,,,
energysim,https://github.com/dgusain1/energysim,dgusain1,False,2.0,4.0,Python,,2019-12-06T10:31:09.000Z,2021-11-23T13:05:05.000Z,2024-06-25T07:51:14.000Z,,,,62.0,1.0,2021-09-23
enflow,https://github.com/rebase-energy/enflow,rebase-energy,False,62.0,5.0,Jupyter Notebook,mit,2024-01-09T20:16:08.000Z,2025-04-07T08:13:52.000Z,2025-11-06T08:18:58.000Z,0.4933333333333333,4.0,https://enflow.org,41.0,0.0,2025-10-05
eoles_elecres,https://github.com/BehrangShirizadeh/EOLES_elecRES,BehrangShirizadeh,False,26.0,9.0,GAMS,,2018-02-02T08:46:34.000Z,2021-01-08T16:53:01.000Z,2025-02-15T19:53:17.000Z,,,http://www.centre-cired.fr/fr/wp-2020-80-shirizadeh-quirion-perrier/,,,
eoles_mv,https://github.com/BehrangShirizadeh/EOLES_mv,BehrangShirizadeh,False,4.0,1.0,GAMS,,2020-02-21T16:52:17.000Z,2022-12-23T14:47:32.000Z,2023-03-13T00:54:00.000Z,,,http://www.centre-cired.fr/fr/wp-2020-86-eoles_mv-model-description/,,,
epm,https://github.com/ESMAP-World-Bank-Group/EPM,ESMAP-World-Bank-Group,False,9.0,12.0,Python,cc0-1.0,2024-11-18T11:22:26.000Z,2025-11-11T14:38:25.000Z,2025-11-11T14:28:01.000Z,,,https://esmap-world-bank-group.github.io/EPM/,,,
erad,https://github.com/NREL-Distribution-Suites/erad,NREL-Distribution-Suites,False,17.0,12.0,Python,bsd-3-clause,2022-10-20T18:16:38.000Z,2025-11-06T19:13:32.000Z,2025-11-06T19:13:33.000Z,0.4,5.0,https://nrel-distribution-suites.github.io/erad/,171.0,0.0,2024-10-29
erf,https://github.com/erf-model/ERF,erf-model,False,51.0,55.0,C++,other,2020-10-21T21:05:22.000Z,2025-11-11T23:10:40.000Z,2025-11-11T23:10:44.000Z,0.660842433697348,65.0,https://erf.readthedocs.io/en/latest/,,,
esdl,https://github.com/EnergyTransition/ESDL,EnergyTransition,False,15.0,8.0,Shell,apache-2.0,2018-06-08T11:40:18.000Z,2025-07-31T12:45:05.000Z,2025-10-31T13:37:19.000Z,0.6260869565217391,9.0,,,,
etm_pro,https://github.com/quintel/etmodel,quintel,False,54.0,17.0,CoffeeScript,mit,2011-05-03T08:55:13.000Z,2025-11-11T09:56:08.000Z,2025-11-10T16:00:22.000Z,0.763473731884058,69.0,https://energytransitionmodel.com/,,,
exago,https://github.com/pnnl/ExaGO,pnnl,False,87.0,15.0,C++,other,2023-08-02T21:05:34.000Z,2025-11-06T22:15:21.000Z,2025-11-04T15:54:38.000Z,0.5874035989717223,30.0,,0.0,0.0,2022-04-05
fame,https://gitlab.com/fame-framework/fame-core,fame-framework,False,5.0,1.0,,apache-2.0,2020-03-23T10:55:08.027Z,,2025-07-25T14:06:20.248Z,,,,0.0,3.0,2025-04-05
fame_io,https://gitlab.com/fame-framework/fame-io,fame-framework,False,4.0,6.0,,apache-2.0,2020-03-23T10:08:14.739Z,,2025-10-15T21:55:58.238Z,,,,927.0,3.0,2025-10-14
ficus,https://github.com/tum-ewk/ficus,tum-ewk,False,11.0,10.0,Python,gpl-3.0,2015-09-07T14:14:57.000Z,2021-05-27T13:30:02.000Z,2023-09-07T08:52:12.000Z,,,,,,
fine,https://github.com/FZJ-IEK3-VSA/FINE,FZJ-IEK3-VSA,False,84.0,48.0,Python,other,2018-07-02T14:48:55.000Z,2025-11-12T17:01:15.000Z,2025-11-12T17:01:19.000Z,0.7883116883116883,48.0,https://vsa-fine.readthedocs.io,11079.0,2.0,2025-10-27
flexigis,https://github.com/FlexiGIS/FlexiGIS,FlexiGIS,False,26.0,10.0,Python,,2019-12-02T08:47:33.000Z,2024-01-15T21:56:03.000Z,2025-10-21T14:01:31.000Z,0.504,5.0,,,,
flexplan_jl,https://github.com/Electa-Git/FlexPlan.jl,Electa-Git,False,23.0,3.0,Julia,bsd-3-clause,2020-09-08T11:09:37.000Z,2025-04-03T07:10:19.000Z,2025-07-08T15:21:01.000Z,0.29401993355481726,13.0,https://electa-git.github.io/FlexPlan.jl/,17.0,0.0,2024-07-01
flixopt,https://github.com/flixOpt/flixopt,flixOpt,False,12.0,8.0,Python,mit,2022-09-23T09:58:32.000Z,2025-11-04T15:30:18.000Z,2025-11-04T12:26:30.000Z,,,https://flixopt.github.io/flixopt/,1425.0,0.0,2025-11-06
friendlysam,https://github.com/sp-etx/friendlysam,sp-etx,False,2.0,3.0,Python,,2014-12-09T11:58:58.000Z,2015-08-12T09:37:11.000Z,2018-01-03T09:51:21.000Z,,,http://friendly-sam.readthedocs.org,35.0,2.0,2015-06-15
gear_scoup,https://github.com/NREL/GEAR-SCouP,NREL,False,2.0,4.0,MATLAB,,2017-10-11T16:04:28.000Z,2021-04-26T19:44:27.000Z,2024-12-05T13:42:44.000Z,,,,,,
gelectrical,https://github.com/manuvarkey/GElectrical,manuvarkey,False,93.0,12.0,Python,gpl-3.0,2021-01-18T13:25:54.000Z,2024-08-08T20:08:45.000Z,2025-11-03T22:15:30.000Z,0.0,1.0,https://manuvarkey.github.io/GElectrical/,,,
genesys_mod,https://git.tu-berlin.de/genesysmod/genesys-mod-public,genesysmod,,0.0,0.0,,apache-2.0,2020-12-30T13:31:43.733Z,,2025-10-01T08:48:53.842Z,,,,,,
genx,https://github.com/GenXProject/GenX.jl,GenXProject,False,326.0,142.0,Julia,gpl-2.0,2021-05-19T17:57:57.000Z,2025-10-16T02:54:04.000Z,2025-10-17T13:58:45.000Z,0.6866359447004609,32.0,https://genxproject.github.io/GenX.jl/,22.0,0.0,2025-07-01
grid2op,https://github.com/Grid2op/grid2op,Grid2op,False,386.0,134.0,Python,mpl-2.0,2019-10-10T17:04:46.000Z,2025-10-20T07:29:55.000Z,2025-11-04T07:55:20.000Z,0.31619433198380564,31.0,https://grid2op.readthedocs.io/,12924.0,16.0,2025-08-28
gridfm,https://github.com/gridfm/gridfm-graphkit,gridfm,False,42.0,5.0,Python,apache-2.0,2025-06-23T14:51:29.000Z,2025-10-31T13:18:12.000Z,2025-10-29T10:16:16.000Z,,,https://gridfm.github.io/gridfm-graphkit/,69.0,0.0,2025-09-03
gridlab_d,https://github.com/arras-energy/gridlabd,arras-energy,False,10.0,9.0,C++,other,2023-09-22T17:41:24.000Z,2025-11-01T12:52:28.000Z,2025-09-30T18:04:40.000Z,0.07692307692307687,2.0,https://www.arras.energy/,,,
gridpack,https://github.com/GridOPTICS/GridPACK,GridOPTICS,False,56.0,25.0,C++,,2014-07-22T21:01:57.000Z,2025-10-04T18:16:04.000Z,2025-10-19T06:19:55.000Z,0.8,51.0,https://gridpack.readthedocs.io/en/latest/index.html,,,
gridpath,https://github.com/blue-marble/gridpath,blue-marble,False,120.0,63.0,Python,apache-2.0,2016-08-12T18:13:28.000Z,2025-10-31T19:53:14.000Z,2025-10-31T00:55:36.000Z,0.22346368715083798,12.0,https://www.gridpath.io,629.0,0.0,2025-10-28
grimsel_flex,https://github.com/arthurrinaldi/grimsel,arthurrinaldi,False,1.0,3.0,Python,bsd-2-clause,2019-04-16T08:22:45.000Z,2023-03-27T18:10:10.000Z,2023-11-28T15:48:04.000Z,,,,,,
h2integrate,https://github.com/NREL/H2Integrate,NREL,False,16.0,24.0,PowerBuilder,other,2024-10-07T15:12:46.000Z,2025-11-06T20:59:38.000Z,2025-11-06T19:20:18.000Z,,,https://h2integrate.readthedocs.io/,174.0,0.0,2025-10-02
heron,https://github.com/idaholab/HERON,idaholab,False,29.0,40.0,Python,apache-2.0,2020-07-28T18:37:12.000Z,2025-08-29T19:07:36.000Z,2025-08-29T19:07:40.000Z,0.5518207282913166,24.0,,17.0,0.0,2024-09-30
highres_europe,https://github.com/highRES-model/highRES-Europe,highRES-model,False,5.0,3.0,GAMS,mit,2020-12-15T11:27:05.000Z,2021-11-22T21:03:59.000Z,2023-10-05T05:14:30.000Z,,,,,,
hope,https://github.com/HOPE-Model-Project/HOPE,HOPE-Model-Project,False,9.0,4.0,Julia,mit,2023-12-03T01:30:51.000Z,2025-07-07T17:12:47.000Z,2025-06-19T01:00:00.000Z,,,https://hope-model-project.github.io/HOPE/dev/,,,
hopp,https://github.com/NREL/HOPP,NREL,False,34.0,63.0,Python,bsd-3-clause,2019-11-04T17:13:57.000Z,2025-11-06T00:58:25.000Z,2025-10-25T15:30:11.000Z,0.7818930041152263,34.0,https://hopp.readthedocs.io/,3263.0,1.0,2025-05-01
hybrid,https://github.com/idaholab/HYBRID,idaholab,False,37.0,27.0,C,apache-2.0,2021-02-10T20:17:48.000Z,2025-10-30T22:58:05.000Z,2025-10-29T03:11:15.000Z,0.8093525179856115,16.0,,,,
hybridbosse,https://github.com/NREL/HybridBOSSE,NREL,False,2.0,6.0,Python,bsd-3-clause,2021-06-25T17:14:05.000Z,2021-06-28T16:51:36.000Z,2024-11-26T15:06:18.000Z,,,,,,
hydrogenmod_jl,https://github.com/LukasBarner/HydrOGEnMod.jl,LukasBarner,False,5.0,1.0,Julia,apache-2.0,2024-02-05T10:20:00.000Z,2025-08-18T19:08:11.000Z,2025-08-19T14:41:54.000Z,,,,,,
idea,https://gitlab.com/sesit/idea,sesit,False,1.0,0.0,,mit,2023-10-26T17:37:59.133Z,,2024-09-02T17:36:52.566Z,,,,,,
iesopt_jl,https://github.com/ait-energy/IESopt.jl,ait-energy,False,23.0,9.0,Julia,mit,2023-09-19T13:27:11.000Z,2025-11-04T08:09:53.000Z,2025-11-04T08:09:57.000Z,,,,39.0,0.0,2025-10-01
inertia,https://github.com/G-PST/inertia,G-PST,False,0.0,0.0,Go,bsd-3-clause,2023-06-21T18:59:43.000Z,2023-11-03T20:56:48.000Z,2023-07-14T22:01:20.000Z,,,https://g-pst.github.io/inertia/,0.0,0.0,2023-11-03
interactive_power_flow_(ipf),https://github.com/mbheinen/bpa-ipf-tsp,mbheinen,False,13.0,17.0,Fortran,mit,2020-01-04T04:23:30.000Z,2022-12-12T13:12:38.000Z,2025-07-02T03:30:57.000Z,,,,,,
inve2st,https://github.com/CSenkpiel/Inve2st,CSenkpiel,False,3.0,1.0,Python,agpl-3.0,2020-03-02T14:24:46.000Z,2023-07-06T21:50:21.000Z,2024-01-30T14:27:54.000Z,,,,,,
irena_flextool,https://github.com/irena-flextool/flextool,irena-flextool,False,30.0,10.0,AMPL,other,2022-06-28T13:11:41.000Z,2025-11-08T09:41:03.000Z,2025-10-15T10:03:13.000Z,0.3125,9.0,https://www.irena.org/energytransition/Energy-System-Models-and-Data/IRENA-FlexTool,,,
irpopt,https://github.com/IRPsim/IRPopt,IRPsim,False,2.0,1.0,GAMS,,2022-03-01T12:14:38.000Z,2023-08-14T10:32:46.000Z,2023-11-25T07:48:04.000Z,,,,,,
joulia_jl,https://github.com/JuliaEnergy/Joulia.jl,JuliaEnergy,False,35.0,8.0,Julia,mit,2019-03-24T17:08:17.000Z,2020-05-23T13:56:29.000Z,2025-06-08T02:06:53.000Z,0.0,1.0,,,,
jpong,https://github.com/RahmanKhorramfar91/JPoNG,RahmanKhorramfar91,False,1.0,0.0,Python,mit,2023-01-14T23:13:45.000Z,2023-09-10T20:19:24.000Z,2024-12-10T05:49:52.000Z,,,,,,
leelo,https://github.com/simjunky/Leelo,simjunky,False,0.0,2.0,Julia,mit,2022-02-24T13:42:51.000Z,2022-09-15T00:59:24.000Z,2022-08-28T22:39:54.000Z,,,https://simjunky.github.io/Leelo/,,,
lego,https://github.com/IEE-TUGraz/LEGO,IEE-TUGraz,False,13.0,8.0,GAMS,mit,2022-04-13T17:14:02.000Z,2025-09-19T12:08:02.000Z,2025-09-19T12:08:06.000Z,,,,,,
lemlab,https://github.com/tum-ewk/lemlab,tum-ewk,False,26.0,19.0,Python,gpl-3.0,2021-05-28T13:55:35.000Z,2024-06-26T12:30:50.000Z,2024-08-18T17:13:59.000Z,0.4375,5.0,https://lemlab.readthedocs.io,,,
macroenergy_jl,https://github.com/macroenergy/MacroEnergy.jl,macroenergy,False,32.0,25.0,Julia,mit,2023-10-25T13:41:42.000Z,2025-11-06T20:52:36.000Z,2025-11-09T21:50:37.000Z,,,https://macroenergy.github.io/MacroEnergy.jl/,10.0,0.0,2025-09-01
mafrit,https://github.com/NREL/MAFRIT,NREL,False,6.0,8.0,MATLAB,bsd-3-clause-clear,2020-03-18T19:49:45.000Z,2020-03-18T19:52:35.000Z,2024-11-15T03:52:15.000Z,,,,,,
match_model,https://github.com/pencleanenergy/MATCH-model,pencleanenergy,False,29.0,10.0,Python,agpl-3.0,2020-09-30T16:28:12.000Z,2023-10-26T22:16:17.000Z,2025-06-27T17:30:08.000Z,,,,,,
matpower,https://github.com/MATPOWER/matpower,MATPOWER,False,506.0,166.0,MATLAB,other,2016-12-16T19:12:30.000Z,2025-09-26T15:43:16.000Z,2025-11-02T18:11:30.000Z,0.039247096515819035,18.0,https://matpower.org,,,
medea,https://github.com/inwe-boku/medea,inwe-boku,False,4.0,5.0,GAMS,mit,2019-04-03T11:04:11.000Z,2024-02-19T16:37:48.000Z,2024-05-17T06:43:52.000Z,,,,,,
mesmo,https://github.com/mesmo-dev/mesmo,mesmo-dev,False,59.0,15.0,Python,mit,2019-08-07T21:30:17.000Z,2024-09-03T21:16:31.000Z,2025-10-30T00:23:41.000Z,0.09523809523809523,5.0,https://mesmo-dev.github.io/mesmo,,,
messpy,https://github.com/pielube/MESSpy,pielube,False,34.0,10.0,Python,,2022-02-25T15:33:17.000Z,2025-03-11T14:39:42.000Z,2025-05-25T04:19:39.000Z,,,,,,
microgrids_py,https://github.com/Microgrids-X/Microgrids.py,Microgrids-X,False,14.0,8.0,Python,mit,2022-07-21T15:16:19.000Z,2023-10-17T13:10:54.000Z,2025-03-31T13:59:29.000Z,0.0,1.0,,37.0,0.0,2023-10-17
microgridspy,https://github.com/MicroGridsPy/MicroGridsPy,MicroGridsPy,False,39.0,36.0,Python,eupl-1.2,2018-01-23T02:21:57.000Z,2025-10-14T13:16:56.000Z,2025-10-15T12:39:44.000Z,0.4672897196261683,14.0,,,,
minigrid_jcc,https://github.com/Autarky-Power/Minigrid-JCC,Autarky-Power,False,0.0,0.0,Julia,mit,2023-08-31T13:45:44.000Z,2024-02-27T08:28:48.000Z,2024-02-27T08:24:51.000Z,,,,,,
minpower,https://github.com/adamgreenhall/minpower,adamgreenhall,False,72.0,35.0,Python,,2011-04-04T18:50:48.000Z,2024-04-07T20:07:05.000Z,2025-06-06T15:05:27.000Z,0.0,1.0,adamgreenhall.github.io/minpower,234.0,2.0,2021-07-21
modpowersystems,https://github.com/ModPowerSystems/ModPowerSystems,ModPowerSystems,False,2.0,3.0,Modelica,,2020-01-31T09:24:28.000Z,2024-08-08T08:34:13.000Z,2025-06-18T09:36:46.000Z,,,,,,
mosaik,https://gitlab.com/mosaik/mosaik,mosaik,False,18.0,11.0,,lgpl-2.1,2020-02-14T20:57:17.429Z,,2025-10-30T09:32:57.008Z,,,,1049.0,46.0,2025-03-17
most,https://github.com/MATPOWER/most,MATPOWER,False,34.0,14.0,MATLAB,other,2016-12-16T19:10:43.000Z,2025-07-12T21:36:49.000Z,2025-07-12T21:36:41.000Z,0.0,1.0,https://matpower.org/,,,
multi_vector_simulator,https://github.com/rl-institut/multi-vector-simulator,rl-institut,False,23.0,12.0,Python,gpl-2.0,2019-07-29T14:57:11.000Z,2025-09-19T10:59:26.000Z,2025-07-12T14:31:56.000Z,0.7671166827386693,19.0,,195.0,1.0,2024-05-03
muse_os,https://github.com/EnergySystemsModellingLab/MUSE_OS,EnergySystemsModellingLab,False,26.0,10.0,Python,gpl-3.0,2022-03-10T16:55:09.000Z,2025-11-03T17:03:47.000Z,2025-10-23T10:09:18.000Z,0.8247213779128673,27.0,https://muse-os.readthedocs.io/en/latest/,,,
nemo,https://github.com/bje-/NEMO,bje-,False,50.0,19.0,Python,gpl-3.0,2015-11-23T00:43:29.000Z,2025-11-02T07:54:27.000Z,2025-11-02T07:54:30.000Z,0.3216232586311326,4.0,,,,
nemo_(sei),https://github.com/sei-international/NemoMod.jl,sei-international,False,42.0,18.0,Julia,other,2018-06-22T06:49:34.000Z,2025-04-25T14:31:57.000Z,2025-05-19T11:26:29.000Z,0.196078431372549,2.0,,,,
nempy,https://github.com/UNSW-CEEM/nempy,UNSW-CEEM,False,64.0,35.0,Python,bsd-3-clause,2020-04-14T04:36:37.000Z,2025-10-22T00:13:17.000Z,2025-10-28T04:40:31.000Z,0.08549222797927458,6.0,,1030.0,1.0,2025-03-07
oemof_solph,https://github.com/oemof/oemof-solph,oemof,False,356.0,141.0,Python,mit,2015-11-24T13:38:22.000Z,2025-10-28T19:31:28.000Z,2025-10-20T15:22:38.000Z,0.7066859530697525,72.0,https://oemof.org,13072.0,23.0,2025-06-06
oemof_thermal,https://github.com/oemof/oemof-thermal,oemof,False,33.0,15.0,Python,mit,2016-01-11T10:29:40.000Z,2025-05-26T10:41:32.000Z,2025-09-14T23:33:00.000Z,0.8108365019011406,14.0,https://oemof.org,,,
omegalpes,https://gricad-gitlab.univ-grenoble-alpes.fr/omegalpes/omegalpes,omegalpes,,0.0,2.0,,apache-2.0,2018-10-24T09:54:08.003Z,,2025-08-06T18:46:14.282Z,,,,,,
onsset,https://github.com/OnSSET/onsset,OnSSET,False,28.0,36.0,Python,other,2019-05-27T15:17:54.000Z,2025-09-10T08:48:46.000Z,2025-07-30T12:43:42.000Z,0.7669616519174041,12.0,http://www.onsset.org,38.0,1.0,2021-03-02
open,https://github.com/EPGOxford/OPEN,EPGOxford,False,68.0,30.0,Python,apache-2.0,2019-12-02T18:54:17.000Z,2021-04-18T18:12:33.000Z,2025-10-15T02:59:12.000Z,,,,,,
open_energy_benchmark,https://github.com/open-energy-transition/solver-benchmark,open-energy-transition,False,50.0,9.0,TypeScript,agpl-3.0,2024-07-15T08:05:05.000Z,2025-11-12T16:38:30.000Z,2025-11-07T12:30:52.000Z,0.3921568627450981,4.0,https://openenergybenchmark.org/,,,
open_energy_cell_simulation,https://github.com/fabmid/Open-Energy-Cell-Simulation,fabmid,False,5.0,1.0,Python,other,2020-09-03T14:41:48.000Z,2025-02-13T12:19:07.000Z,2025-06-12T08:05:37.000Z,,,,,,
open_modeling_framework,https://github.com/nreca-bts/omf,nreca-bts,False,121.0,74.0,Python,gpl-2.0,2012-09-17T17:15:57.000Z,2025-10-14T21:46:15.000Z,2025-10-14T21:46:19.000Z,0.5673228912200029,65.0,https://omf.coop,,,
open_tyndp,https://github.com/open-energy-transition/open-tyndp,open-energy-transition,False,33.0,4.0,Python,,2025-02-17T14:20:48.000Z,2025-11-07T18:44:36.000Z,2025-11-06T17:53:57.000Z,,,https://open-tyndp.readthedocs.io/,,,
opencem,https://github.com/openCEMorg/openCEM,openCEMorg,False,19.0,8.0,Python,gpl-3.0,2018-11-13T03:41:55.000Z,2023-07-06T21:34:08.000Z,2025-05-21T02:21:42.000Z,0.4935483870967742,9.0,,,,
opender,https://github.com/epri-dev/OpenDER,epri-dev,False,68.0,28.0,Python,other,2022-04-26T22:09:28.000Z,2025-06-23T15:15:40.000Z,2025-09-27T15:33:40.000Z,0.05607476635514019,2.0,,866.0,1.0,2025-04-13
opendss_c,https://github.com/epri-dev/OpenDSS-C,epri-dev,False,4.0,4.0,C++,,2024-07-16T19:17:21.000Z,2024-07-20T18:01:35.000Z,2025-04-17T01:20:02.000Z,,,,,,
openipsl,https://github.com/OpenIPSL/OpenIPSL,OpenIPSL,False,95.0,63.0,Modelica,bsd-3-clause,2016-04-16T09:09:47.000Z,2025-10-22T15:16:01.000Z,2025-10-26T00:30:20.000Z,0.6554441260744985,29.0,https://doc.openipsl.org/,,,
openmaster,https://github.com/IIT-EnergySystemModels/openMASTER,IIT-EnergySystemModels,False,1.0,6.0,Python,gpl-3.0,2023-09-11T16:59:12.000Z,2025-06-05T18:43:57.000Z,2025-06-05T18:43:59.000Z,,,,,,
opensduc,https://github.com/IIT-EnergySystemModels/openSDUC,IIT-EnergySystemModels,False,9.0,4.0,Python,agpl-3.0,2022-10-06T07:18:31.000Z,2025-11-02T15:44:24.000Z,2025-11-02T15:44:28.000Z,0.1587301587301587,2.0,https://opensduc.readthedocs.io/en/latest/,,,
opentepes,https://github.com/IIT-EnergySystemModels/openTEPES,IIT-EnergySystemModels,False,49.0,28.0,Python,agpl-3.0,2020-07-24T21:11:41.000Z,2025-11-10T19:26:37.000Z,2025-11-10T19:26:41.000Z,0.4238464679461005,8.0,https://opentepes.readthedocs.io/en/latest/index.html,,,
opentumflex,https://github.com/tum-ewk/OpenTUMFlex,tum-ewk,False,26.0,15.0,Python,gpl-3.0,2019-10-04T13:00:54.000Z,2021-06-15T12:04:46.000Z,2025-01-14T03:00:49.000Z,,,,,,
optihood,https://github.com/SPF-OST/optihood,SPF-OST,False,7.0,10.0,HTML,gpl-3.0,2021-05-25T08:18:43.000Z,2025-10-07T15:26:06.000Z,2025-10-20T01:36:37.000Z,0.7618453865336658,23.0,https://optihood.readthedocs.io/,,,
osemosys,https://github.com/OSeMOSYS/OSeMOSYS,OSeMOSYS,False,171.0,108.0,,apache-2.0,2016-10-03T08:53:55.000Z,2025-10-22T16:36:22.000Z,2025-10-22T16:36:23.000Z,0.5741935483870968,14.0,http://www.osemosys.org,,,
pandapower,https://github.com/e2nIEE/pandapower,e2nIEE,False,1046.0,535.0,Python,other,2017-01-12T13:27:53.000Z,2025-11-04T09:34:43.000Z,2025-11-03T20:38:44.000Z,0.846798115512127,156.0,https://www.pandapower.org,151804.0,75.0,2025-10-27
paraemt_public,https://github.com/NREL/ParaEMT_public,NREL,False,71.0,27.0,Python,bsd-3-clause,2023-06-08T12:43:21.000Z,2025-05-24T02:33:36.000Z,2025-06-25T03:53:03.000Z,,,,,,
pomato,https://github.com/richard-weinhold/pomato,richard-weinhold,False,88.0,21.0,Python,other,2020-05-12T14:42:17.000Z,2025-08-12T11:48:03.000Z,2025-09-10T10:45:14.000Z,0.0238095238095238,4.0,,,,
power_grid_model,https://github.com/PowerGridModel/power-grid-model,PowerGridModel,False,186.0,45.0,C++,mpl-2.0,2022-01-20T12:31:31.000Z,2025-11-03T16:33:36.000Z,2025-10-28T16:19:04.000Z,0.7106256206554121,32.0,,,,
powerdynamics_jl,https://github.com/JuliaEnergy/PowerDynamics.jl,JuliaEnergy,False,118.0,33.0,Julia,other,2018-10-10T13:31:25.000Z,2025-11-07T02:42:10.000Z,2025-10-30T12:27:00.000Z,0.7194029850746269,21.0,https://juliaenergy.github.io/PowerDynamics.jl/latest/,218.0,0.0,2025-10-01
powergama,https://bitbucket.org/harald_g_svendsen/powergama,harald_g_svendsen,,,,python,,2013-12-06T10:20:25.400Z,,2022-09-21T13:50:33.169Z,,,,,,
powermatcher,https://github.com/flexiblepower/powermatcher,flexiblepower,False,44.0,25.0,JavaScript,apache-2.0,2014-07-31T08:15:22.000Z,2018-07-02T15:39:03.000Z,2025-04-21T07:02:48.000Z,,,http://www.powermatcher.org,,,
powermodels,https://github.com/lanl-ansi/PowerModels.jl,lanl-ansi,False,436.0,164.0,Julia,other,2016-08-01T20:30:54.000Z,2025-10-21T00:16:36.000Z,2025-11-04T13:38:29.000Z,0.16258351893095768,30.0,https://lanl-ansi.github.io/PowerModels.jl/stable/,2996.0,5.0,2025-08-01
powermodelsannex_jl,https://github.com/lanl-ansi/PowerModelsAnnex.jl,lanl-ansi,False,24.0,21.0,Julia,other,2017-07-27T17:16:19.000Z,2024-01-19T22:00:45.000Z,2025-07-07T18:48:11.000Z,0.19999999999999996,14.0,,35.0,0.0,2024-01-20
powersimulations_jl,https://github.com/NREL-Sienna/PowerSimulations.jl,NREL-Sienna,False,298.0,78.0,Julia,bsd-3-clause,2017-11-03T21:11:22.000Z,2025-11-11T21:14:38.000Z,2025-11-11T07:00:46.000Z,0.2733252131546894,36.0,https://nrel-sienna.github.io/Sienna,501.0,0.0,2025-06-01
powersimulationsdynamics_jl,https://github.com/NREL-Sienna/PowerSimulationsDynamics.jl,NREL-Sienna,False,208.0,57.0,Julia,bsd-3-clause,2020-07-16T19:36:16.000Z,2025-07-09T18:24:04.000Z,2025-11-03T15:51:47.000Z,0.33123312331233123,16.0,https://nrel-sienna.github.io/Sienna,261.0,0.0,2025-07-01
powersystemdatamodel,https://github.com/ie3-institute/PowerSystemDataModel,ie3-institute,False,22.0,7.0,Java,bsd-3-clause,2020-01-23T16:00:59.000Z,2025-11-07T12:26:58.000Z,2025-11-06T08:06:57.000Z,0.7706333973128598,32.0,,0.0,7.0,2025-07-25
powersystemsinvestments_jl,https://github.com/NREL-Sienna/PowerSystemsInvestments.jl,NREL-Sienna,False,20.0,14.0,Julia,bsd-3-clause,2024-02-29T21:28:33.000Z,2025-10-24T17:10:18.000Z,2025-10-06T09:24:51.000Z,,,,,,
pownet,https://github.com/Critical-Infrastructure-Systems-Lab/PowNet,Critical-Infrastructure-Systems-Lab,False,89.0,29.0,Python,mit,2019-09-27T03:03:01.000Z,2025-10-23T03:45:54.000Z,2025-10-23T03:45:57.000Z,0.5161290322580645,8.0,,18.0,0.0,2025-06-03
powsybl,https://github.com/powsybl/powsybl-core,powsybl,False,146.0,49.0,Java,mpl-2.0,2017-09-29T14:51:18.000Z,2025-11-12T10:03:02.000Z,2025-11-06T16:59:00.000Z,0.7927736450584485,113.0,https://www.powsybl.org,0.0,47.0,2025-10-22
powsybl_open_load_flow,https://github.com/powsybl/powsybl-open-loadflow,powsybl,False,63.0,11.0,Java,mpl-2.0,2019-10-01T13:48:47.000Z,2025-11-06T12:57:22.000Z,2025-10-15T14:16:37.000Z,0.5525751072961373,39.0,,0.0,20.0,2025-10-15
pras,https://github.com/NREL/PRAS,NREL,False,68.0,26.0,Julia,,2019-05-29T16:39:15.000Z,2025-11-04T02:47:54.000Z,2025-10-27T18:25:50.000Z,,,https://www.nrel.gov/analysis/pras.html,489.0,0.0,2025-10-01
prep_shot,https://github.com/PREP-NexT/PREP-SHOT,PREP-NexT,False,442.0,23.0,Jupyter Notebook,gpl-3.0,2022-05-29T12:03:21.000Z,2025-10-12T02:52:19.000Z,2025-10-28T06:03:16.000Z,0.6205128205128205,6.0,https://prep-next.github.io/PREP-SHOT/,,,
psatools_python,https://github.com/yanzhaochang/PSATools-Python,yanzhaochang,False,3.0,2.0,Python,apache-2.0,2021-03-27T13:29:00.000Z,2021-11-02T09:47:26.000Z,2024-10-08T17:54:21.000Z,,,,,,
psp_ufu,https://github.com/Thales1330/PSP,Thales1330,False,67.0,18.0,C++,gpl-2.0,2016-07-27T18:51:54.000Z,2025-08-01T21:33:11.000Z,2025-08-09T15:16:30.000Z,0.0043572984749454,2.0,https://thales1330.github.io/PSP/,,,
psst,https://github.com/ames-market/psst,ames-market,False,43.0,27.0,Jupyter Notebook,other,2016-05-09T03:47:40.000Z,2023-02-08T00:45:06.000Z,2025-08-11T18:13:37.000Z,,,,,,
pycity_scheduling,https://git.rwth-aachen.de/acs/public/simulation/pycity_scheduling,acs,,6.0,2.0,,mit,2018-12-11T11:47:16.437Z,,2025-09-24T19:46:36.217Z,,,,,,
pylesa,https://github.com/andrewlyden/PyLESA,andrewlyden,False,18.0,11.0,Python,mit,2020-05-04T10:45:30.000Z,2024-07-11T12:02:34.000Z,2025-07-03T14:01:48.000Z,,,,,,
pymarket,https://github.com/kiedanski/pymarket,kiedanski,False,29.0,8.0,Python,mit,2019-06-19T09:25:16.000Z,2022-12-26T20:47:41.000Z,2025-10-14T10:06:31.000Z,,,https://pymarket.readthedocs.io/en/latest/,,,
pymfm,https://github.com/sogno-platform/pymfm,sogno-platform,False,7.0,6.0,Python,apache-2.0,2023-09-26T15:17:38.000Z,2025-08-25T10:37:19.000Z,2025-08-27T09:04:49.000Z,,,,36.0,0.0,2023-10-20
pymicrogridcontrol,https://github.com/soheilmohseni/pyMicrogridControl,soheilmohseni,False,5.0,0.0,Python,apache-2.0,2023-12-13T03:28:14.000Z,2023-12-13T04:00:56.000Z,2025-03-19T01:18:12.000Z,,,,,,
pypower,https://github.com/rwl/PYPOWER,rwl,False,378.0,125.0,Python,other,2009-05-22T12:14:47.000Z,2025-07-10T17:17:14.000Z,2025-09-24T02:36:35.000Z,0.3142857142857143,21.0,http://rwl.github.io/PYPOWER/api/,46095.0,11.0,2025-07-10
pypower_dynamics,https://github.com/susantoj/PYPOWER-Dynamics,susantoj,False,65.0,33.0,Python,bsd-3-clause,2014-11-09T01:23:03.000Z,2020-03-13T08:25:20.000Z,2025-07-18T13:01:42.000Z,,,,34.0,2.0,2015-03-14
pypownet,https://github.com/MarvinLer/pypownet,MarvinLer,False,116.0,35.0,Python,lgpl-3.0,2018-08-03T11:03:55.000Z,2024-07-15T17:29:03.000Z,2025-10-12T12:42:33.000Z,0.030303030303030276,5.0,https://pypownet.readthedocs.io/,25.0,1.0,2020-10-26
pypowsybl,https://github.com/powsybl/pypowsybl,powsybl,False,72.0,16.0,Java,mpl-2.0,2020-11-09T10:30:33.000Z,2025-11-04T09:39:06.000Z,2025-11-04T08:57:45.000Z,0.6951788491446345,30.0,,6613.0,1.0,2025-07-24
pypsa,https://github.com/PyPSA/PyPSA,PyPSA,False,1710.0,576.0,Python,mit,2016-01-11T09:04:18.000Z,2025-11-06T09:33:12.000Z,2025-11-06T09:33:16.000Z,0.8065257352941176,92.0,https://docs.pypsa.org,47307.0,32.0,2025-11-06
pysam,https://github.com/NREL/pysam,NREL,False,125.0,78.0,C,bsd-3-clause,2019-03-18T20:25:20.000Z,2025-11-07T23:20:22.000Z,2025-10-24T18:02:45.000Z,0.21695760598503744,20.0,http://nrel-pysam.readthedocs.io,4434.0,3.0,2022-03-04
python_ehub,https://gitlab.com/energyincities/python-ehub,energyincities,False,7.0,1.0,,gpl-3.0+,2017-10-17T20:30:22.215Z,,2025-10-17T17:41:06.252Z,,,,401.0,3.0,2022-10-31
python_microgrid,https://github.com/ahalev/python-microgrid,ahalev,False,91.0,13.0,Python,lgpl-3.0,2023-03-28T20:57:51.000Z,2025-01-18T04:13:20.000Z,2025-10-28T08:06:18.000Z,0.1583476764199656,10.0,https://python-microgrid.readthedocs.io,35.0,1.0,2024-04-06
reeds_2_0,https://github.com/NREL/ReEDS-2.0,NREL,False,166.0,76.0,Python,bsd-3-clause,2019-05-28T15:57:01.000Z,2025-10-24T22:01:51.000Z,2025-10-19T04:13:17.000Z,0.6538461538461539,16.0,https://nrel.github.io/ReEDS-2.0/,,,
reho,https://github.com/IPESE/REHO,IPESE,False,8.0,13.0,Python,apache-2.0,2023-06-19T13:01:14.000Z,2025-10-31T16:44:19.000Z,2025-10-31T16:44:24.000Z,0.6118721461187215,8.0,,56.0,0.0,2025-03-24
reise_jl,https://github.com/Breakthrough-Energy/REISE.jl,Breakthrough-Energy,False,32.0,24.0,Julia,mit,2020-01-17T22:41:38.000Z,2023-02-24T01:33:02.000Z,2025-08-06T18:39:34.000Z,0.47042253521126765,10.0,https://breakthrough-energy.github.io/docs/,,,
remix,https://gitlab.com/dlr-ve/esy/remix/framework,dlr-ve,False,10.0,1.0,,bsd-3-clause,2022-11-21T10:27:58.323Z,,2025-07-23T07:41:34.184Z,,,,,,
renpass,https://github.com/fraukewiese/renpass,fraukewiese,False,18.0,10.0,R,gpl-3.0,2017-03-12T19:40:49.000Z,2017-03-13T18:53:18.000Z,2024-01-18T10:03:23.000Z,,,,,,
reopt_jl,https://github.com/NREL/REopt.jl,NREL,False,35.0,43.0,Julia,apache-2.0,2022-01-26T15:25:59.000Z,2025-11-11T04:55:42.000Z,2025-10-30T14:43:33.000Z,0.7162581981360028,15.0,,79.0,0.0,2025-10-01
resolve,https://github.com/e3-/resolve,e3-,False,6.0,5.0,Python,other,2023-06-09T17:51:45.000Z,2025-11-07T17:01:15.000Z,2025-11-07T14:45:55.000Z,,,https://docs.ethree.com/projects/resolve,,,
revub,https://github.com/VUB-HYDR/REVUB,VUB-HYDR,False,21.0,6.0,Python,mit,2019-09-23T14:38:22.000Z,2025-07-28T14:19:07.000Z,2025-07-28T14:19:10.000Z,0.0,1.0,,,,
rheia,https://github.com/rheia-framework/RHEIA,rheia-framework,False,21.0,10.0,Python,mit,2021-04-27T14:06:40.000Z,2025-10-16T07:50:17.000Z,2025-05-14T13:51:58.000Z,0.3647798742138365,7.0,,272.0,1.0,2025-10-16
rivus,https://github.com/tum-ens/rivus,tum-ens,False,17.0,11.0,Python,gpl-3.0,2015-07-08T07:35:03.000Z,2018-01-02T17:51:07.000Z,2025-03-07T23:28:27.000Z,,,,,,
rodeo,https://github.com/NREL/RODeO,NREL,False,13.0,11.0,Batchfile,bsd-3-clause,2020-07-31T22:47:18.000Z,2022-09-20T13:24:36.000Z,2025-07-10T15:01:22.000Z,,,,,,
roseau_load_flow,https://github.com/RoseauTechnologies/Roseau_Load_Flow,RoseauTechnologies,False,58.0,2.0,Python,bsd-3-clause,2022-07-25T11:16:07.000Z,2025-11-03T11:59:15.000Z,2025-11-03T11:59:17.000Z,0.5968468468468469,6.0,https://roseau-load-flow.roseautechnologies.com,2547.0,0.0,2025-09-03
rustpower,https://github.com/chengts95/rustpower,chengts95,False,37.0,11.0,Rust,mpl-2.0,2024-05-13T10:24:10.000Z,2025-10-14T03:53:00.000Z,2025-11-05T19:41:49.000Z,,,,0.0,0.0,2025-09-19
sam,https://github.com/NREL/SAM,NREL,False,410.0,197.0,C++,bsd-3-clause,2013-01-10T02:52:47.000Z,2025-10-29T06:43:51.000Z,2025-10-30T18:32:15.000Z,0.7245669848002828,46.0,,,,
sddpdso_jl,https://github.com/psrenergy/SDDPDSO.jl,psrenergy,False,8.0,1.0,Julia,mpl-2.0,2021-09-24T21:08:41.000Z,2022-11-09T20:55:49.000Z,2024-04-24T04:55:57.000Z,,,,,,
silver,https://gitlab.com/sesit/silver,sesit,False,2.0,4.0,,mit,2022-11-18T23:06:35.622Z,,2025-02-20T18:36:20.308Z,,,,,,
simona,https://github.com/ie3-institute/simona,ie3-institute,False,33.0,7.0,Scala,bsd-3-clause,2021-11-19T11:25:24.000Z,2025-11-11T04:13:55.000Z,2025-11-11T04:12:56.000Z,0.6669505962521295,22.0,,,,
simplus_grid_tool,https://github.com/Future-Power-Networks/Simplus-Grid-Tool,Future-Power-Networks,False,94.0,52.0,MATLAB,bsd-3-clause,2020-09-29T15:49:20.000Z,2025-09-13T09:37:51.000Z,2025-09-26T18:12:21.000Z,,,,,,
smartgridtoolbox,https://gitlab.com/SmartGridToolbox/SmartGridToolbox,SmartGridToolbox,False,8.0,1.0,,apache-2.0,2019-03-17T05:03:52.402Z,,2025-07-31T01:38:47.969Z,,,,,,
sms++,https://gitlab.com/smspp/smspp-project,smspp,False,1.0,2.0,,,2019-10-25T05:52:23.066Z,,2023-05-25T05:35:20.294Z,,,,,,
softx_2020_61,https://github.com/ElsevierSoftwareX/SOFTX_2020_61,ElsevierSoftwareX,False,0.0,0.0,MATLAB,gpl-3.0,2022-02-24T16:16:15.000Z,2022-02-24T16:17:23.000Z,2022-03-16T16:30:39.000Z,,,,,,
spineopt_jl,https://github.com/spine-tools/SpineOpt.jl,spine-tools,False,73.0,21.0,Julia,gpl-3.0,2018-10-08T09:22:26.000Z,2025-11-04T09:40:39.000Z,2025-11-04T09:34:24.000Z,0.740613266583229,38.0,https://www.tools-for-energy-system-modelling.org/,56.0,0.0,2025-04-09
ssmd,https://git.rwth-aachen.de/acs/public/simulation/ssmd,acs,,0.0,0.0,,gpl-3.0,2018-07-20T08:50:53.914Z,,2021-08-24T13:32:51.494Z,,,,,,
starlite,https://github.com/IIT-EnergySystemModels/StarLite,IIT-EnergySystemModels,False,1.0,0.0,GAMS,agpl-3.0,2023-06-15T12:45:05.000Z,2023-06-18T17:44:17.000Z,2024-07-15T09:09:09.000Z,0.0,1.0,https://pascua.iit.comillas.edu/aramos/openmodels.htm,,,
stelmod,https://github.com/frkunz/stELMOD,frkunz,False,12.0,10.0,GAMS,mit,2016-02-24T07:20:45.000Z,2017-07-24T12:48:24.000Z,2024-09-03T15:44:39.000Z,,,,,,
steps,https://github.com/changgang/steps,changgang,False,57.0,18.0,C++,mit,2019-08-24T12:09:47.000Z,2024-04-17T05:31:50.000Z,2025-07-22T08:43:37.000Z,0.07065217391304346,4.0,,121.0,1.0,2024-09-22
supergrid,https://github.com/niclasmattsson/Supergrid,niclasmattsson,False,10.0,6.0,Julia,mit,2019-02-12T14:15:17.000Z,2021-03-15T13:47:31.000Z,2025-06-28T05:04:20.000Z,0.0,1.0,,,,
sustaingym,https://github.com/chrisyeh96/sustaingym,chrisyeh96,False,56.0,16.0,HTML,cc-by-4.0,2022-04-18T21:06:53.000Z,2025-09-06T00:13:33.000Z,2025-10-16T11:57:52.000Z,0.05797101449275366,4.0,https://chrisyeh96.github.io/sustaingym/,23.0,0.0,2024-05-31
switch,https://github.com/switch-model/switch,switch-model,False,147.0,90.0,Python,other,2015-04-08T00:59:34.000Z,2025-07-07T20:58:01.000Z,2025-11-08T14:57:54.000Z,0.40511440107671604,16.0,http://switch-model.org/,60.0,0.0,2022-11-02
temoa,https://github.com/TemoaProject/temoa,TemoaProject,False,92.0,60.0,Python,gpl-2.0,2015-01-10T19:22:06.000Z,2025-11-06T21:47:29.000Z,2025-10-13T13:35:29.000Z,0.7467608951707891,25.0,http://temoacloud.com,,,
tesp,https://github.com/pnnl/tesp,pnnl,False,45.0,41.0,Python,other,2017-03-28T16:41:17.000Z,2025-11-10T16:56:06.000Z,2025-11-06T21:33:48.000Z,0.40501792114695345,26.0,,181.0,1.0,2024-12-15
times,https://github.com/etsap-TIMES/TIMES_model,etsap-TIMES,False,128.0,49.0,GAMS,gpl-3.0,2019-12-19T10:34:35.000Z,2025-10-19T19:17:19.000Z,2025-10-22T18:47:44.000Z,0.273972602739726,4.0,https://iea-etsap.org/,,,
transactive_energy_service_system,https://github.com/slacgismo/TESS,slacgismo,False,13.0,4.0,Python,gpl-3.0,2019-07-16T13:50:17.000Z,2023-03-04T14:53:53.000Z,2024-05-27T16:42:07.000Z,0.7341772151898734,15.0,,,,
transient_lib,https://github.com/TransiEnt-official/transient-lib,TransiEnt-official,False,14.0,13.0,Modelica,bsd-3-clause,2022-04-21T08:07:12.000Z,2025-09-01T12:07:59.000Z,2025-06-19T02:04:15.000Z,,,,,,
tulipa_energy_model,https://github.com/TulipaEnergy/TulipaEnergyModel.jl,TulipaEnergy,False,58.0,34.0,Julia,apache-2.0,2023-08-09T11:43:24.000Z,2025-11-07T15:46:26.000Z,2025-11-07T15:00:58.000Z,0.6906474820143884,15.0,,16.0,0.0,2025-10-01
tz_osemosys,https://github.com/transition-zero/tz-osemosys,transition-zero,False,31.0,5.0,Python,agpl-3.0,2023-10-26T09:07:49.000Z,2025-10-30T16:08:11.000Z,2025-10-21T09:36:00.000Z,,,,415.0,0.0,2025-11-11
unitcommitment_jl,https://github.com/ANL-CEEESA/UnitCommitment.jl,ANL-CEEESA,False,130.0,34.0,Julia,other,2020-05-13T15:18:42.000Z,2025-11-11T17:54:29.000Z,2025-11-11T17:54:33.000Z,0.3005780346820809,6.0,,35.0,0.0,2024-05-21
urbs,https://github.com/tum-ens/urbs,tum-ens,False,198.0,136.0,Python,gpl-3.0,2014-07-19T13:40:41.000Z,2025-07-22T09:03:51.000Z,2025-10-15T06:20:29.000Z,0.6681887366818874,25.0,,,,
veragrid,https://github.com/SanPen/VeraGrid,SanPen,False,484.0,116.0,MATLAB,mpl-2.0,2016-01-13T15:40:10.000Z,2025-11-05T22:11:13.000Z,2025-11-06T09:19:53.000Z,0.384423076923077,44.0,https://www.eroots.tech/software,5517.0,0.0,2025-11-12
villasframework,https://github.com/VILLASframework/node,VILLASframework,False,16.0,16.0,C++,apache-2.0,2022-12-02T09:11:02.000Z,2025-11-05T16:40:21.000Z,2025-10-30T18:18:36.000Z,0.22899615834307663,37.0,https://fein-aachen.org/projects/villas-node/,183.0,3.0,2024-04-04
wpgnn_and_playgen,https://github.com/NREL/WPGNN,NREL,False,20.0,10.0,Python,apache-2.0,2021-12-22T16:35:31.000Z,2025-04-09T16:05:04.000Z,2025-05-16T09:10:48.000Z,,,,,,
zen_garden,https://github.com/ZEN-universe/ZEN-garden,ZEN-universe,False,12.0,33.0,Python,mit,2021-07-28T16:56:20.000Z,2025-11-11T15:41:14.000Z,2025-11-11T15:41:01.000Z,,,,1306.0,0.0,2025-11-11
